date,shrub_id,P.MPa,mass_g,start_weight,leaf_mass_g,offset_mass_g,note,start_wp,mass_lost,week,state,lag_wp,diff_wp,ID,dry_mass,wc,r2,n,slope,sat_mass_est,keep,rwc,rwc_plotting,term,pred.mean,std.error,pred.lower,pred.upper,y,superID
2025-06-04,122,0.71,0.2711,0.2711,0.2711,0,NA,-0.71,0,2,Fresh - Wet paper towel,NA,NA,1,0.0793,2.41866330390921,0.978989117162884,6,0.0290354984251298,0.287341403478903,TRUE,0.921931869294712,0.078068130705288,y.rep[1],1.4590541058685393,0.051219247268784206,1.3589938451761416,1.5602060103762994,1.4084507042253522,122-2-1
2025-06-04,122,0.83,0.2632,0.2711,0.2632,0,NA,-0.71,0.00790000000000001,2,Fresh - Wet paper towel,-0.71,0.12,1,0.0793,2.31904161412358,0.978989117162884,6,0.0290354984251298,0.287341403478903,TRUE,0.883958658828454,0.116041341171546,y.rep[2],1.202093994137847,0.04545636117546261,1.1133822082278084,1.2919386651884461,1.2048192771084338,122-2-1
2025-06-04,122,0.89,0.2562,0.2711,0.2562,0,"pv(""39"")",-0.71,0.0149,2,Fresh - Wet paper towel,-0.83,0.0600000000000001,1,0.0793,2.23076923076923,0.978989117162884,6,0.0290354984251298,0.287341403478903,TRUE,0.850311510314049,0.149688489685951,y.rep[3],1.0116024068727543,0.044485658397251056,0.9251802003029057,1.099172350998172,1.1235955056179776,122-2-1
2025-06-04,122,1.92,0.2328,0.2711,0.2328,0,NA,-0.71,0.0383,2,Fresh - Wet paper towel,-0.89,1.03,1,0.0793,1.93568726355612,0.978989117162884,6,0.0290354984251298,0.287341403478903,TRUE,0.737833899565893,0.262166100434107,y.rep[4],0.569848435478753,0.04790007904456804,0.4753285772996358,0.6632632700061889,0.5208333333333334,122-2-1
2025-06-04,122,2.27,0.2228,0.2711,0.2228,0,NA,-0.71,0.0483,2,Fresh - Wet paper towel,-1.92,0.35,1,0.0793,1.80958385876419,0.978989117162884,6,0.0290354984251298,0.287341403478903,TRUE,0.689766544545314,0.310233455454686,y.rep[5],0.4632809520186308,0.0434676246235422,0.37783769081280516,0.5474936125917018,0.44052863436123346,122-2-1
2025-06-04,122,2.35,0.2175,0.2711,0.2175,0,NA,-0.71,0.0536,2,Fresh - Wet paper towel,-2.27,0.0800000000000001,1,0.0793,1.74274905422446,0.978989117162884,6,0.0290354984251298,0.287341403478903,TRUE,0.664290846384406,0.335709153615594,y.rep[6],0.4400842842621613,0.04325195739308457,0.3559044334484399,0.5252466387323474,0.425531914893617,122-2-1
2025-06-04,122,2.47,0.2089,0.2711,0.2089,0,NA,-0.71,0.0622,2,Fresh - Wet paper towel,-2.35,0.12,1,0.0793,1.6343001261034,0.978989117162884,6,0.0290354984251298,0.287341403478903,FALSE,0.622952921066708,0.377047078933292,y.rep[7],0.41337927939676977,0.042927213993352566,0.32827297860328974,0.49675439919070846,0.4048582995951417,122-2-1
2025-06-04,122,2.62,0.1914,0.2711,0.1914,0,NA,-0.71,0.0797,2,Fresh - Wet paper towel,-2.47,0.15,1,0.0793,1.41361916771753,0.978989117162884,6,0.0290354984251298,0.287341403478903,FALSE,0.538835049780694,0.461164950219306,y.rep[8],0.36110284927497444,0.042631394949244755,0.27750445738047563,0.44464595248626537,0.38167938931297707,122-2-1
2025-06-04,122,2.76,0.1855,0.2711,0.1855,0,NA,-0.71,0.0856,2,Fresh - Wet paper towel,-2.62,0.14,1,0.0793,1.33921815889029,0.978989117162884,6,0.0290354984251298,0.287341403478903,FALSE,0.510475310318553,0.489524689681447,y.rep[9],0.3434909046734734,0.04292177895258733,0.2597089240362583,0.42827178381190445,0.3623188405797102,122-2-1
2025-06-04,122,3.02,0.1795,0.2711,0.1795,0,NA,-0.71,0.0916,2,Fresh - Wet paper towel,-2.76,0.26,1,0.0793,1.26355611601513,0.978989117162884,6,0.0290354984251298,0.287341403478903,FALSE,0.481634897306205,0.518365102693795,y.rep[10],0.3254492849584145,0.04293359462628922,0.23892665217701087,0.4076176513264417,0.33112582781456956,122-2-1
2025-06-04,122,4.67,0.1486,0.2711,0.1486,0,NA,-0.71,0.1225,2,Fresh - Wet paper towel,-3.02,1.65,1,0.0793,0.873896595208071,0.978989117162884,6,0.0290354984251298,0.287341403478903,FALSE,0.333106770292615,0.666893229707385,y.rep[11],0.23269154480698034,0.0443182053067227,0.14539226504156816,0.3197838978897116,0.21413276231263384,122-2-1
2025-06-04,16,1.01,0.8844,0.8844,0.8844,0,NA,-1.01,0,2,Fresh - Wet paper towel,NA,NA,2,0.2867,2.08475758632717,0.992098309471594,3,0.172165620473202,1.06369853532915,TRUE,0.769242119287657,0.230757880712343,y.rep[12],0.9834350568408767,0.05293004272067459,0.8813560587647875,1.087193857903516,0.9900990099009901,16-2-2
2025-06-04,16,1.29,0.8495,0.8844,0.8495,0,NA,-1.01,0.0348999999999999,2,Fresh - Wet paper towel,-1.01,0.28,2,0.2867,1.96302755493547,0.992098309471594,3,0.172165620473202,1.06369853532915,TRUE,0.724325689702348,0.275674310297652,y.rep[13],0.7632319607859516,0.0504399247986921,0.6631239640191513,0.8611815037912645,0.7751937984496123,16-2-2
2025-06-04,16,1.9,0.7341,0.8844,0.7341,0,"pv(""5"", plotonly = TRUE)",-1.01,0.1503,2,Fresh - Wet paper towel,-1.29,0.61,2,0.2867,1.5605162190443,0.992098309471594,3,0.172165620473202,1.06369853532915,TRUE,0.575805461216827,0.424194538783173,y.rep[14],0.44658489524111034,0.04317638674597719,0.36001290395530106,0.5294579597833176,0.5263157894736842,16-2-2
2025-06-04,16,2.24,0.7193,0.8844,0.7193,0,NA,-1.01,0.1651,2,Fresh - Wet paper towel,-1.9,0.34,2,0.2867,1.50889431461458,0.992098309471594,3,0.172165620473202,1.06369853532915,FALSE,0.556757806263745,0.443242193736255,y.rep[15],0.4341420902679005,0.04276190189582279,0.34780025937907944,0.514587120362519,0.4464285714285714,16-2-2
2025-06-04,16,2.43,0.7073,0.8844,0.7073,0,NA,-1.01,0.1771,2,Fresh - Wet paper towel,-2.24,0.19,2,0.2867,1.46703871642832,0.992098309471594,3,0.172165620473202,1.06369853532915,FALSE,0.541313761707192,0.458686238292808,y.rep[16],0.4235263945188205,0.042471814500648165,0.3413726179546706,0.5078459900851839,0.4115226337448559,16-2-2
2025-06-04,16,2.5,0.6923,0.8844,0.6923,0,NA,-1.01,0.1921,2,Fresh - Wet paper towel,-2.43,0.0699999999999998,2,0.2867,1.4147192186955,0.992098309471594,3,0.172165620473202,1.06369853532915,FALSE,0.5220087060115,0.4779912939885,y.rep[17],0.410649909984186,0.04272945079472584,0.3261989551762162,0.4928235363958715,0.4,16-2-2
2025-06-04,16,2.68,0.6781,0.8844,0.6781,0,NA,-1.01,0.2063,2,Fresh - Wet paper towel,-2.5,0.18,2,0.2867,1.3651900941751,0.992098309471594,3,0.172165620473202,1.06369853532915,FALSE,0.503733253286246,0.496266746713754,y.rep[18],0.39819028236850573,0.04255646245182704,0.3152768567789916,0.4817528426001694,0.3731343283582089,16-2-2
2025-06-04,16,2.75,0.6662,0.8844,0.6662,0,NA,-1.01,0.2182,2,Fresh - Wet paper towel,-2.68,0.0699999999999998,2,0.2867,1.32368329264039,0.992098309471594,3,0.172165620473202,1.06369853532915,FALSE,0.488417909100997,0.511582090899003,y.rep[19],0.38813424864046314,0.04290490268545085,0.3048787704337403,0.4731085177135021,0.36363636363636365,16-2-2
2025-06-04,16,2.94,0.6502,0.8844,0.6502,0,NA,-1.01,0.2342,2,Fresh - Wet paper towel,-2.75,0.19,2,0.2867,1.26787582839205,0.992098309471594,3,0.172165620473202,1.06369853532915,FALSE,0.467825849692259,0.532174150307741,y.rep[20],0.37490533200525716,0.043112477312162126,0.2900477447580757,0.45914828701789967,0.3401360544217687,16-2-2
2025-06-04,39,0.69,0.3388,0.3388,0.3388,0,NA,-0.69,0,2,Fresh - Wet paper towel,NA,NA,3,0.1029,2.29251700680272,0.951873536790507,10,0.03309284094235,0.346154457005421,TRUE,0.969766403888515,0.0302335961114855,y.rep[21],1.4851696984589307,0.05181446880632519,1.3823478969727712,1.5853775157327663,1.4492753623188408,39-2-3
2025-06-04,39,0.91,0.3223,0.3388,0.3223,0,NA,-0.69,0.0165,2,Fresh - Wet paper towel,-0.69,0.22,3,0.1029,2.13216715257532,0.951873536790507,10,0.03309284094235,0.346154457005421,TRUE,0.901936197597033,0.0980638024029671,y.rep[22],1.1418589328797717,0.04444646802311933,1.053744259467905,1.2283610755949108,1.0989010989010988,39-2-3
2025-06-04,39,1,0.3032,0.3388,0.3032,0,NA,-0.69,0.0356,2,Fresh - Wet paper towel,-0.91,0.09,3,0.1029,1.94655004859087,0.951873536790507,10,0.03309284094235,0.346154457005421,TRUE,0.823417595162652,0.176582404837348,y.rep[23],0.8414840489533917,0.04336297273644777,0.7562966003434434,0.9263979932908487,1,39-2-3
2025-06-04,39,1.4,0.2827,0.3388,0.2827,0,NA,-0.69,0.0561,2,Fresh - Wet paper towel,-1,0.4,3,0.1029,1.74732750242954,0.951873536790507,10,0.03309284094235,0.346154457005421,TRUE,0.739143702497477,0.260856297502523,y.rep[24],0.6069308304577008,0.043221073963631715,0.5210690477577234,0.690633197551741,0.7142857142857143,39-2-3
2025-06-04,39,2.3,0.2711,0.3388,0.2711,0,NA,-0.69,0.0677,2,Fresh - Wet paper towel,-1.4,0.9,3,0.1029,1.63459669582119,0.951873536790507,10,0.03309284094235,0.346154457005421,TRUE,0.691457012013769,0.308542987986231,y.rep[25],0.5043496305604334,0.04328992161240411,0.4193133884332285,0.5889075203612972,0.4347826086956522,39-2-3
2025-06-04,39,2.49,0.2659,0.3388,0.2659,0,NA,-0.69,0.0729,2,Fresh - Wet paper towel,-2.3,0.19,3,0.1029,1.58406219630709,0.951873536790507,10,0.03309284094235,0.346154457005421,TRUE,0.670080219727969,0.329919780272031,y.rep[26],0.46441763919372703,0.043227190687117764,0.38086179463466696,0.550227817073426,0.4016064257028112,39-2-3
2025-06-04,39,2.84,0.2524,0.3388,0.2524,0,NA,-0.69,0.0864,2,Fresh - Wet paper towel,-2.49,0.35,3,0.1029,1.45286686103013,0.951873536790507,10,0.03309284094235,0.346154457005421,TRUE,0.614582778216757,0.385417221783243,y.rep[27],0.37922989023410214,0.04248658703708335,0.2964180461894538,0.4618392396608182,0.35211267605633806,39-2-3
2025-06-04,39,3.02,0.246,0.3388,0.246,0,NA,-0.69,0.0928,2,Fresh - Wet paper towel,-2.84,0.18,3,0.1029,1.39067055393586,0.951873536790507,10,0.03309284094235,0.346154457005421,TRUE,0.588272880018849,0.411727119981151,y.rep[28],0.35216015012844604,0.043111890933288134,0.26667514129999464,0.4347075663557508,0.33112582781456956,39-2-3
2025-06-04,39,3.26,0.2371,0.3388,0.2371,0,NA,-0.69,0.1017,2,Fresh - Wet paper towel,-3.02,0.24,3,0.1029,1.3041788143829,0.951873536790507,10,0.03309284094235,0.346154457005421,TRUE,0.551685677837383,0.448314322162617,y.rep[29],0.3240721800128249,0.04416901353695657,0.23771823692482377,0.41120051481316444,0.3067484662576687,39-2-3
2025-06-04,39,4.22,0.2097,0.3388,0.2097,0,NA,-0.69,0.1291,2,Fresh - Wet paper towel,-3.26,0.96,3,0.1029,1.03790087463557,0.951873536790507,10,0.03309284094235,0.346154457005421,TRUE,0.439046426177589,0.560953573822411,y.rep[30],0.2512747805245798,0.04531196399769756,0.16144413753977999,0.3381392179185151,0.23696682464454977,39-2-3
2025-06-04,46,0.8,0.306,0.306,0.306,0,NA,-0.8,0,2,Fresh - Wet paper towel,NA,NA,4,0.0906,2.37748344370861,0.982434324223372,6,0.0308432251391421,0.329248150519628,TRUE,0.902583990410117,0.0974160095898828,y.rep[31],1.2052388681307047,0.05138764587267317,1.1054801635659486,1.3061629106637098,1.25,46-2-4
2025-06-04,46,1.05,0.2996,0.306,0.2996,0,NA,-0.8,0.00640000000000001,2,Fresh - Wet paper towel,-0.8,0.25,4,0.0906,2.30684326710817,0.982434324223372,6,0.0308432251391421,0.329248150519628,TRUE,0.875766267389575,0.124233732610425,y.rep[32],1.037378511601911,0.04605733086682684,0.9442482246819178,1.1255345112636785,0.9523809523809523,46-2-4
2025-06-04,46,1.26,0.2849,0.306,0.2849,0,NA,-0.8,0.0211,2,Fresh - Wet paper towel,-1.05,0.21,4,0.0906,2.14459161147903,0.982434324223372,6,0.0308432251391421,0.329248150519628,TRUE,0.814169309826768,0.185830690173232,y.rep[33],0.7359644265402808,0.04775773218090495,0.6433971558452889,0.8303702505473499,0.7936507936507936,46-2-4
2025-06-04,46,2.01,0.2678,0.306,0.2678,0,NA,-0.8,0.0382,2,Fresh - Wet paper towel,-1.26,0.75,4,0.0906,1.95584988962472,0.982434324223372,6,0.0308432251391421,0.329248150519628,TRUE,0.742515706131257,0.257484293868743,y.rep[34],0.49819829413377126,0.04752048778486089,0.406550874201805,0.5920700927501906,0.49751243781094534,46-2-4
2025-06-04,46,2.28,0.2595,0.306,0.2595,0,NA,-0.8,0.0465,2,Fresh - Wet paper towel,-2.01,0.27,4,0.0906,1.86423841059603,0.982434324223372,6,0.0308432251391421,0.329248150519628,TRUE,0.707736471588992,0.292263528411008,y.rep[35],0.43847405729356415,0.043304691633563944,0.3542987130055495,0.5237371137793131,0.4385964912280702,46-2-4
2025-06-04,46,2.43,0.2545,0.306,0.2545,0,NA,-0.8,0.0515,2,Fresh - Wet paper towel,-2.28,0.15,4,0.0906,1.80905077262693,0.982434324223372,6,0.0308432251391421,0.329248150519628,TRUE,0.686785125479193,0.313214874520807,y.rep[36],0.4209090490695187,0.043485447601366606,0.3341289601054941,0.5049893317716699,0.4115226337448559,46-2-4
2025-06-04,46,2.64,0.2369,0.306,0.2369,0,NA,-0.8,0.0691,2,Fresh - Wet paper towel,-2.43,0.21,4,0.0906,1.61479028697572,0.982434324223372,6,0.0308432251391421,0.329248150519628,FALSE,0.613036387172703,0.386963612827297,y.rep[37],0.3736178951154493,0.04315078061782281,0.2875369846946162,0.4569831878921692,0.3787878787878788,46-2-4
2025-06-04,46,2.76,0.2302,0.306,0.2302,0,NA,-0.8,0.0758,2,Fresh - Wet paper towel,-2.64,0.12,4,0.0906,1.54083885209713,0.982434324223372,6,0.0308432251391421,0.329248150519628,FALSE,0.584961583385573,0.415038416614427,y.rep[38],0.3560318521240405,0.04321667145434024,0.2679881540171424,0.4378855809190029,0.3623188405797102,46-2-4
2025-06-04,46,3.02,0.221,0.306,0.221,0,NA,-0.8,0.085,2,Fresh - Wet paper towel,-2.76,0.26,4,0.0906,1.439293598234,0.982434324223372,6,0.0308432251391421,0.329248150519628,FALSE,0.546411106543544,0.453588893456456,y.rep[39],0.33172262282524484,0.04335313025570918,0.24284578092760115,0.41279859106209943,0.33112582781456956,46-2-4
2025-06-04,46,4.16,0.1902,0.306,0.1902,0,NA,-0.8,0.1158,2,Fresh - Wet paper towel,-3.02,1.14,4,0.0906,1.09933774834437,0.982434324223372,6,0.0308432251391421,0.329248150519628,FALSE,0.417350814507185,0.582649185492815,y.rep[40],0.2500830344154249,0.044751524411191027,0.16229223935251097,0.3379957463066248,0.24038461538461536,46-2-4
2025-06-04,5,1.137,0.6234,0.6234,0.6234,0,NA,-1.137,0,2,Fresh - Wet paper towel,NA,NA,5,0.214,1.91308411214953,0.982617970089326,10,0.0689307415760988,0.701031924407611,TRUE,0.840601980040556,0.159398019959444,y.rep[41],0.8611239425371231,0.05043802193297041,0.7633950197989616,0.9598813425329287,0.8795074758135444,5-2-5
2025-06-04,5,1.414,0.6101,0.6234,0.6101,0,NA,-1.137,0.0133,2,Fresh - Wet paper towel,-1.137,0.277,5,0.214,1.85093457943925,0.982617970089326,10,0.0689307415760988,0.701031924407611,TRUE,0.81329370858345,0.18670629141655,y.rep[42],0.7583042766798936,0.046859730110135556,0.6657295079155342,0.8498107827957423,0.7072135785007072,5-2-5
2025-06-04,5,1.65,0.5722,0.6234,0.5722,0,"pv(""16"")",-1.137,0.0511999999999999,2,Fresh - Wet paper towel,-1.414,0.236,5,0.214,1.67383177570093,0.982617970089326,10,0.0689307415760988,0.701031924407611,TRUE,0.735475401198161,0.264524598801839,y.rep[43],0.5321288830275853,0.04828045924809485,0.4376629675422192,0.6265453421397068,0.6060606060606061,5-2-5
2025-06-04,5,2.5,0.5388,0.6234,0.5388,0,NA,-1.137,0.0846,2,Fresh - Wet paper towel,-1.65,0.85,5,0.214,1.51775700934579,0.982617970089326,10,0.0689307415760988,0.701031924407611,TRUE,0.666896734531442,0.333103265468558,y.rep[44],0.4078347316596105,0.04369366125364242,0.32321200226500973,0.49409745743670547,0.4,5-2-5
2025-06-04,5,2.62,0.5225,0.6234,0.5225,0,NA,-1.137,0.1009,2,Fresh - Wet paper towel,-2.5,0.12,5,0.214,1.44158878504673,0.982617970089326,10,0.0689307415760988,0.701031924407611,TRUE,0.633428702595289,0.366571297404711,y.rep[45],0.37748012884678633,0.04284073700370373,0.2959207045007024,0.4638763744279089,0.38167938931297707,5-2-5
2025-06-04,5,2.88,0.5069,0.6234,0.5069,0,NA,-1.137,0.1165,2,Fresh - Wet paper towel,-2.62,0.26,5,0.214,1.36869158878505,0.982617970089326,10,0.0689307415760988,0.701031924407611,TRUE,0.601397948104247,0.398602051895753,y.rep[46],0.3552684515796442,0.04292401219171413,0.27288144612785004,0.4408864042668278,0.3472222222222222,5-2-5
2025-06-04,5,3.03,0.496,0.6234,0.496,0,NA,-1.137,0.1274,2,Fresh - Wet paper towel,-2.88,0.15,5,0.214,1.31775700934579,0.982617970089326,10,0.0689307415760988,0.701031924407611,TRUE,0.579017485030378,0.420982514969622,y.rep[47],0.34102553364205995,0.04318952544157596,0.2559001327153338,0.424812665835499,0.33003300330033003,5-2-5
2025-06-04,5,3.02,0.4876,0.6234,0.4876,0,NA,-1.137,0.1358,2,Fresh - Wet paper towel,-3.03,-0.00999999999999978,5,0.214,1.2785046728972,0.982617970089326,10,0.0689307415760988,0.701031924407611,TRUE,0.561770155689048,0.438229844310952,y.rep[48],0.3297231035289487,0.04276292363419146,0.2462581128626031,0.41317663299153,0.33112582781456956,5-2-5
2025-06-04,5,3.26,0.4754,0.6234,0.4754,0,NA,-1.137,0.148,2,Fresh - Wet paper towel,-3.02,0.24,5,0.214,1.2214953271028,0.982617970089326,10,0.0689307415760988,0.701031924407611,TRUE,0.536720463074258,0.463279536925742,y.rep[49],0.31413859247291576,0.04346665989441961,0.22778288714035594,0.3981830584497413,0.3067484662576687,5-2-5
2025-06-04,5,3.32,0.4658,0.6234,0.4658,0,NA,-1.137,0.1576,2,Fresh - Wet paper towel,-3.26,0.0600000000000001,5,0.214,1.17663551401869,0.982617970089326,10,0.0689307415760988,0.701031924407611,TRUE,0.517009229541309,0.482990770458691,y.rep[50],0.3012569858412183,0.04303107336427627,0.2158746935146439,0.3857159098437789,0.30120481927710846,5-2-5
2025-06-04,69,1.07,0.3138,0.3138,0.3138,0,NA,-1.07,0,2,Fresh - Wet paper towel,NA,NA,6,0.098,2.20204081632653,0.992528390067918,3,0.0318934911242606,0.348261538461539,TRUE,0.86229790373148,0.13770209626852,y.rep[51],0.9198300386293846,0.05241765220411384,0.8163676542133423,1.023028132297327,0.9345794392523364,69-2-6
2025-06-04,69,1.31,0.3072,0.3138,0.3072,0,NA,-1.07,0.00660000000000005,2,Fresh - Wet paper towel,-1.07,0.24,6,0.098,2.13469387755102,0.992528390067918,3,0.0318934911242606,0.348261538461539,TRUE,0.835925493330054,0.164074506669946,y.rep[52],0.7825765750676184,0.046230627544235715,0.6911412966583929,0.8718211711878083,0.7633587786259541,69-2-6
2025-06-04,69,1.52,0.2994,0.3138,0.2994,0,NA,-1.07,0.0144,2,Fresh - Wet paper towel,-1.31,0.21,6,0.098,2.05510204081633,0.992528390067918,3,0.0318934911242606,0.348261538461539,TRUE,0.804758099219277,0.195241900780723,y.rep[53],0.6479711976350351,0.05042607412566794,0.548356504562133,0.7458963609948419,0.6578947368421053,69-2-6
2025-06-04,69,2.12,0.2574,0.3138,0.2574,0,NA,-1.07,0.0564,2,Fresh - Wet paper towel,-1.52,0.6,6,0.098,1.6265306122449,0.992528390067918,3,0.0318934911242606,0.348261538461539,FALSE,0.63693366939202,0.36306633060798,y.rep[54],0.43099485473684984,0.04314816878309933,0.34702863985709,0.5153819206987834,0.4716981132075471,69-2-6
2025-06-04,69,2.43,0.2482,0.3138,0.2482,0,NA,-1.07,0.0656,2,Fresh - Wet paper towel,-2.12,0.31,6,0.098,1.53265306122449,0.992528390067918,3,0.0318934911242606,0.348261538461539,FALSE,0.600172127620335,0.399827872379665,y.rep[55],0.40702070731433704,0.04282698472730072,0.32377188193948403,0.4919418424061124,0.4115226337448559,69-2-6
2025-06-04,69,2.53,0.2419,0.3138,0.2419,0,NA,-1.07,0.0719,2,Fresh - Wet paper towel,-2.43,0.0999999999999996,6,0.098,1.46836734693878,0.992528390067918,3,0.0318934911242606,0.348261538461539,FALSE,0.574998463146246,0.425001536853754,y.rep[56],0.3904917779264195,0.04253858746063818,0.307188315996607,0.4745388012482469,0.3952569169960475,69-2-6
2025-06-04,69,2.7,0.2334,0.3138,0.2334,0,NA,-1.07,0.0804,2,Fresh - Wet paper towel,-2.53,0.17,6,0.098,1.38163265306122,0.992528390067918,3,0.0318934911242606,0.348261538461539,FALSE,0.541033995205016,0.458966004794984,y.rep[57],0.3685452437624274,0.04238476657942082,0.2869654809954237,0.4541226061607078,0.37037037037037035,69-2-6
2025-06-04,69,2.88,0.2258,0.3138,0.2258,0,NA,-1.07,0.088,2,Fresh - Wet paper towel,-2.7,0.18,6,0.098,1.30408163265306,0.992528390067918,3,0.0318934911242606,0.348261538461539,FALSE,0.510665765045798,0.489334234954202,y.rep[58],0.3488846437215697,0.04251267707644668,0.26673220877177584,0.4336366253513546,0.3472222222222222,69-2-6
2025-06-04,69,3.1,0.2191,0.3138,0.2191,0,NA,-1.07,0.0947,2,Fresh - Wet paper towel,-2.88,0.22,6,0.098,1.23571428571429,0.992528390067918,3,0.0318934911242606,0.348261538461539,FALSE,0.483893772668592,0.516106227331408,y.rep[59],0.33132322474550957,0.0423331379882987,0.24929527562789605,0.4151059277233158,0.3225806451612903,69-2-6
2025-06-04,69,3.41,0.2097,0.3138,0.2097,0,NA,-1.07,0.1041,2,Fresh - Wet paper towel,-3.1,0.31,6,0.098,1.13979591836735,0.992528390067918,3,0.0318934911242606,0.348261538461539,FALSE,0.446333066945349,0.553666933054651,y.rep[60],0.30674306261824774,0.0425260250192495,0.2232399923971375,0.3890999721653395,0.29325513196480935,69-2-6
2025-06-04,69,5.33,0.1738,0.3138,0.1738,0,NA,-1.07,0.14,2,Fresh - Wet paper towel,-3.41,1.92,6,0.098,0.773469387755102,0.992528390067918,3,0.0318934911242606,0.348261538461539,FALSE,0.302883137640622,0.697116862359378,y.rep[61],0.21278037852951662,0.04470152808574888,0.12347075365522951,0.29861936455286797,0.18761726078799248,69-2-6
2025-06-11,101,2.87,0.2057,0.214,0.2057,0,NA,-1.8,0.0083,3,Fresh - Wet paper towel,NA,NA,7,0.0788,1.61040609137056,0.814524150806349,5,0.0123512445251576,0.237616899903856,TRUE,0.799033352727713,0.200966647272287,y.rep[62],0.3676478321920536,0.04995799279895335,0.2727352192732424,0.46826884758955234,0.3484320557491289,101-3-7
2025-06-11,101,3.35,0.1986,0.214,0.1986,0,NA,-1.8,0.0154,3,Fresh - Wet paper towel,-2.87,0.48,7,0.0788,1.52030456852792,0.814524150806349,5,0.0123512445251576,0.237616899903856,TRUE,0.754327782953349,0.245672217046651,y.rep[63],0.3133548391649647,0.04471768152701439,0.22432595108576242,0.39938779783717865,0.29850746268656714,101-3-7
2025-06-11,101,2.48,0.2038,0.214,0.2038,0,NA,-1.8,0.0102,3,Fresh - Wet paper towel,-3.35,-0.87,7,0.0788,1.58629441624365,0.814524150806349,5,0.0123512445251576,0.237616899903856,TRUE,0.787069890393728,0.212930109606272,y.rep[64],0.3491215731264982,0.04551489188712842,0.2620316382716904,0.4400210585889033,0.40322580645161293,101-3-7
2025-06-11,101,3.64,0.1932,0.214,0.1932,0,NA,-1.8,0.0208,3,Fresh - Wet paper towel,-2.48,1.16,7,0.0788,1.45177664974619,0.814524150806349,5,0.0123512445251576,0.237616899903856,TRUE,0.72032636368834,0.27967363631166,y.rep[65],0.2885638477948824,0.04602373372719896,0.19696088390370692,0.3768805961491557,0.2747252747252747,101-3-7
2025-06-11,101,3.73,0.1883,0.214,0.1883,0,NA,-1.8,0.0257,3,Fresh - Wet paper towel,-3.64,0.0899999999999999,7,0.0788,1.38959390862944,0.814524150806349,5,0.0123512445251576,0.237616899903856,TRUE,0.689473223984906,0.310526776015094,y.rep[66],0.2687059986010942,0.04700854525743382,0.1771082633401187,0.3612954964713707,0.2680965147453083,101-3-7
2025-06-11,51,0.19,0.2138,0.2138,0.2138,0,previous measurement was WP may have been incorrect,-0.19,0,3,Fresh - Wet paper towel,NA,NA,8,0.083,1.57590361445783,0.99782601182881,3,0.00770887944221947,0.215291694020156,TRUE,0.988724205013743,0.0112757949862566,y.rep[67],5.260718663681762,0.056469228839401656,5.151847389369578,5.372431416057487,5.2631578947368425,51-3-8
2025-06-11,51,3.73,0.1873,0.2138,0.1873,0,NA,-0.19,0.0265,3,Fresh - Wet paper towel,-0.19,3.54,8,0.083,1.2566265060241,0.99782601182881,3,0.00770887944221947,0.215291694020156,TRUE,0.788409285802243,0.211590714197757,y.rep[68],0.2920928240241667,0.04600240939101721,0.20096584001195766,0.3813994919880678,0.2680965147453083,51-3-8
2025-06-11,51,3.86,0.1848,0.2138,0.1848,0,NA,-0.19,0.029,3,Fresh - Wet paper towel,-3.73,0.13,8,0.083,1.22650602409639,0.99782601182881,3,0.00770887944221947,0.215291694020156,TRUE,0.769511651914366,0.230488348085634,y.rep[69],0.2726836056176472,0.04367674095373319,0.18891016527343354,0.3598874635891966,0.2590673575129534,51-3-8
2025-06-11,51,4.04,0.1801,0.2138,0.1801,0,NA,-0.19,0.0337,3,Fresh - Wet paper towel,-3.86,0.18,8,0.083,1.16987951807229,0.99782601182881,3,0.00770887944221947,0.215291694020156,FALSE,0.733984100205157,0.266015899794843,y.rep[70],0.2500427039653711,0.04405810778016441,0.16182664632744884,0.33458539043326907,0.24752475247524752,51-3-8
2025-06-11,51,4.29,0.1735,0.2138,0.1735,0,NA,-0.19,0.0403,3,Fresh - Wet paper towel,-4.04,0.25,8,0.083,1.09036144578313,0.99782601182881,3,0.00770887944221947,0.215291694020156,FALSE,0.68409434674116,0.31590565325884,y.rep[71],0.21910012983856003,0.04399841760538174,0.1317807166077512,0.3041526569611147,0.2331002331002331,51-3-8
2025-06-11,51,4.41,0.1701,0.2138,0.1701,0,NA,-0.19,0.0437,3,Fresh - Wet paper towel,-4.29,0.12,8,0.083,1.04939759036145,0.99782601182881,3,0.00770887944221947,0.215291694020156,FALSE,0.658393564653647,0.341606435346353,y.rep[72],0.2032926706281605,0.04412321453670166,0.11373172187693563,0.2864479845509042,0.22675736961451246,51-3-8
2025-06-11,56,1.12,0.1993,0.1993,0.1993,0,NA,-1.12,0,3,Fresh - Wet paper towel,NA,NA,9,0.0773,1.57826649417853,0.99275633578598,5,0.0105851598939121,0.209878407462732,TRUE,0.920210178526201,0.0797898214737993,y.rep[73],0.9240025671406091,0.05007345500550205,0.8263790088270012,1.0224809464038724,0.8928571428571428,56-3-9
2025-06-11,56,1.2,0.1962,0.1993,0.1962,0,NA,-1.12,0.00309999999999999,3,Fresh - Wet paper towel,-1.12,0.0799999999999998,9,0.0773,1.53816300129366,0.99275633578598,5,0.0105851598939121,0.209878407462732,TRUE,0.896827788743978,0.103172211256022,y.rep[74],0.7882253425308297,0.0457402655232369,0.6994276993952342,0.8784501575505895,0.8333333333333334,56-3-9
2025-06-11,56,1.32,0.1955,0.1993,0.1955,0,NA,-1.12,0.00379999999999999,3,Fresh - Wet paper towel,-1.2,0.12,9,0.0773,1.52910737386805,0.99275633578598,5,0.0105851598939121,0.209878407462732,TRUE,0.891547894277024,0.108452105722976,y.rep[75],0.7610051130893924,0.04591650314063164,0.6724294262398692,0.8518604721907855,0.7575757575757576,56-3-9
2025-06-11,56,3.26,0.1763,0.1993,0.1763,0,NA,-1.12,0.023,3,Fresh - Wet paper towel,-1.32,1.94,9,0.0773,1.28072445019405,0.99275633578598,5,0.0105851598939121,0.209878407462732,TRUE,0.746727931754868,0.253272068245132,y.rep[76],0.3235154644372453,0.0454634730084324,0.23630394199533455,0.415349487946781,0.3067484662576687,56-3-9
2025-06-11,56,3.34,0.1737,0.1993,0.1737,0,NA,-1.12,0.0256,3,Fresh - Wet paper towel,-3.26,0.0800000000000001,9,0.0773,1.2470892626132,0.99275633578598,5,0.0105851598939121,0.209878407462732,TRUE,0.727116895163326,0.272883104836674,y.rep[77],0.30633782509709906,0.04421524733736693,0.21783208810799617,0.3915208025838387,0.29940119760479045,56-3-9
2025-06-11,56,3.63,0.1665,0.1993,0.1665,0,NA,-1.12,0.0328,3,Fresh - Wet paper towel,-3.34,0.29,9,0.0773,1.15394566623545,0.99275633578598,5,0.0105851598939121,0.209878407462732,FALSE,0.672809409217517,0.327190590782483,y.rep[78],0.2698481052713708,0.04496447781924259,0.18239089747516374,0.3585596578404352,0.27548209366391185,56-3-9
2025-06-11,56,3.86,0.1616,0.1993,0.1616,0,NA,-1.12,0.0377,3,Fresh - Wet paper towel,-3.63,0.23,9,0.0773,1.09055627425614,0.99275633578598,5,0.0105851598939121,0.209878407462732,FALSE,0.635850147948842,0.364149852051158,y.rep[79],0.24653953140740473,0.04534146484636993,0.15852162385011276,0.3353869329077678,0.2590673575129534,56-3-9
2025-06-11,86,1.95,0.4519,0.4519,0.4519,0,NA,-1.95,0,3,Fresh - Wet paper towel,NA,NA,10,0.1625,1.78092307692308,0.999604354708132,4,0.0583558396041645,0.564913586228224,TRUE,0.719160609641719,0.280839390358281,y.rep[80],0.4806062831249991,0.050935154357680694,0.38386847811768865,0.5835772763139988,0.5128205128205129,86-3-10
2025-06-11,86,2.02,0.4462,0.4519,0.4462,0,NA,-1.95,0.00570000000000003,3,Fresh - Wet paper towel,-1.95,0.0700000000000001,10,0.1625,1.74584615384615,0.999604354708132,4,0.0583558396041645,0.564913586228224,TRUE,0.704996077938341,0.295003922061659,y.rep[81],0.4624479921045861,0.04580965288955099,0.37448885777071744,0.5538656131542652,0.49504950495049505,86-3-10
2025-06-11,86,2.72,0.4062,0.4519,0.4062,0,NA,-1.95,0.0457,3,Fresh - Wet paper towel,-2.02,0.7,10,0.1625,1.49969230769231,0.999604354708132,4,0.0583558396041645,0.564913586228224,TRUE,0.60559585545849,0.39440414454151,y.rep[82],0.3852379834783624,0.044880745488424495,0.2972547498721584,0.47342105291785597,0.3676470588235294,86-3-10
2025-06-11,86,3.13,0.3823,0.4519,0.3823,0,NA,-1.95,0.0696000000000001,3,Fresh - Wet paper towel,-2.72,0.41,10,0.1625,1.35261538461538,0.999604354708132,4,0.0583558396041645,0.564913586228224,TRUE,0.546204222526779,0.453795777473221,y.rep[83],0.3466508090738769,0.04449718454842159,0.26096073110102136,0.4348970977377068,0.3194888178913738,86-3-10
2025-06-11,86,3.57,0.3506,0.4519,0.3506,0,NA,-1.95,0.1013,3,Fresh - Wet paper towel,-3.13,0.44,10,0.1625,1.15753846153846,0.999604354708132,4,0.0583558396041645,0.564913586228224,FALSE,0.467429546211498,0.532570453788502,y.rep[84],0.29545595614508924,0.0448567381025039,0.2085826268962107,0.3845820222195615,0.2801120448179272,86-3-10
2025-06-11,86,3.65,0.3369,0.4519,0.3369,0,NA,-1.95,0.115,3,Fresh - Wet paper towel,-3.57,0.0800000000000001,10,0.1625,1.07323076923077,0.999604354708132,4,0.0583558396041645,0.564913586228224,FALSE,0.433384970012149,0.566615029987851,y.rep[85],0.2732057541100701,0.045035754242225265,0.18428661035542263,0.3605457696524432,0.273972602739726,86-3-10
2025-06-11,90,2.45,0.2979,0.2979,0.2979,0,NA,-2.45,0,3,Fresh - Wet paper towel,NA,NA,11,0.1223,1.4358135731807,0.969443856225488,5,0.0257427688851446,0.362660848076383,TRUE,0.730568232743949,0.269431767256051,y.rep[86],0.37278333143628634,0.04838870127885931,0.2779406346487979,0.46786968535103785,0.4081632653061224,90-3-11
2025-06-11,90,3.17,0.2857,0.2979,0.2857,0,NA,-2.45,0.0122,3,Fresh - Wet paper towel,-2.45,0.72,11,0.1223,1.33605887162715,0.969443856225488,5,0.0257427688851446,0.362660848076383,TRUE,0.679811214295907,0.320188785704093,y.rep[87],0.3295788606779956,0.04396608795988004,0.24241768101687686,0.41489085953415683,0.31545741324921134,90-3-11
2025-06-11,90,3.31,0.2757,0.2979,0.2757,0,"pv(""91"", plotonly = TRUE)",-2.45,0.0222,3,Fresh - Wet paper towel,-3.17,0.14,11,0.1223,1.25429272281276,0.969443856225488,5,0.0257427688851446,0.362660848076383,TRUE,0.638207100813906,0.361792899186094,y.rep[88],0.30237849903828745,0.04404307655500091,0.21599225977670333,0.38884580902299537,0.3021148036253776,90-3-11
2025-06-11,90,3.82,0.2646,0.2979,0.2646,0,NA,-2.45,0.0333,3,Fresh - Wet paper towel,-3.31,0.51,11,0.1223,1.16353229762878,0.969443856225488,5,0.0257427688851446,0.362660848076383,TRUE,0.592026534848884,0.407973465151116,y.rep[89],0.27270886835116637,0.044494018764171805,0.18540449534016873,0.35938024535267366,0.2617801047120419,90-3-11
2025-06-11,90,3.95,0.2595,0.2979,0.2595,0,NA,-2.45,0.0384,3,Fresh - Wet paper towel,-3.82,0.13,11,0.1223,1.12183156173344,0.969443856225488,5,0.0257427688851446,0.362660848076383,TRUE,0.570808436973063,0.429191563026937,y.rep[90],0.2592149521913664,0.0445919651193763,0.17418131226781722,0.3491120782912719,0.2531645569620253,90-3-11
2025-06-11,91,2.99,0.2084,0.2084,0.2084,0,NA,-2.99,0,3,Fresh - Wet paper towel,NA,NA,12,0.1177,0.770603228547154,0.97005156559271,7,0.0178936665007847,0.2630658131723,TRUE,0.62394312679622,0.37605687320378,y.rep[91],0.32675126004923166,0.0430070807146096,0.24415234981242667,0.4120726634843706,0.33444816053511706,91-3-12
2025-06-11,91,3.21,0.2067,0.2084,0.2067,0,NA,-2.99,0.0017,3,Fresh - Wet paper towel,-2.99,0.22,12,0.1177,0.756159728122345,0.97005156559271,7,0.0178936665007847,0.2630658131723,TRUE,0.612248492666632,0.387751507333368,y.rep[92],0.3193371348794747,0.04304735756859116,0.23538881786784704,0.40364323725507023,0.3115264797507788,91-3-12
2025-06-11,91,3.5,0.2003,0.2084,0.2003,0,NA,-2.99,0.00809999999999999,3,Fresh - Wet paper towel,-3.21,0.29,12,0.1177,0.7017841971113,0.97005156559271,7,0.0178936665007847,0.2630658131723,TRUE,0.568221634767009,0.431778365232991,y.rep[93],0.29235226241805085,0.04245768981757867,0.20821208752265308,0.37433471379161953,0.2857142857142857,91-3-12
2025-06-11,91,3.82,0.1986,0.2084,0.1986,0,NA,-2.99,0.0098,3,Fresh - Wet paper towel,-3.5,0.32,12,0.1177,0.687340696686491,0.97005156559271,7,0.0178936665007847,0.2630658131723,TRUE,0.556527000637422,0.443472999362578,y.rep[94],0.28494666549084013,0.04268917402625462,0.20181412507957475,0.3694781942637617,0.2617801047120419,91-3-12
2025-06-11,91,3.88,0.1909,0.2084,0.1909,0,NA,-2.99,0.0175,3,Fresh - Wet paper towel,-3.82,0.0600000000000001,12,0.1177,0.621920135938827,0.97005156559271,7,0.0178936665007847,0.2630658131723,TRUE,0.503557187226938,0.496442812773062,y.rep[95],0.2525901098722474,0.04282488027168808,0.16698348059677756,0.33459518967035284,0.2577319587628866,91-3-12
2025-06-11,91,4.51,0.1805,0.2084,0.1805,0,NA,-2.99,0.0279,3,Fresh - Wet paper towel,-3.88,0.63,12,0.1177,0.533559898045879,0.97005156559271,7,0.0178936665007847,0.2630658131723,TRUE,0.432013543140051,0.567986456859949,y.rep[96],0.20866263347289032,0.04291682265725978,0.12342295323847352,0.29119258106292123,0.22172949002217296,91-3-12
2025-06-11,91,4.98,0.1749,0.2084,0.1749,0,NA,-2.99,0.0335,3,Fresh - Wet paper towel,-4.51,0.470000000000001,12,0.1177,0.485981308411215,0.97005156559271,7,0.0178936665007847,0.2630658131723,TRUE,0.393490042477881,0.606509957522119,y.rep[97],0.1852273417507676,0.04367569290705024,0.09666333306322951,0.2684292352768692,0.2008032128514056,91-3-12
2025-06-17,122,1.15,0.5211,0.5248,0.5211,0,NA,-1.05,0.00370000000000003,4,Fresh - Wet paper towel,NA,NA,13,0.2298,1.26762402088773,0.950357781777564,4,0.0155518269947799,0.537357084265473,TRUE,0.947141245976176,0.0528587540238239,y.rep[98],0.8762289753732154,0.05388646072113207,0.7705619198781297,0.9818511058957303,0.8695652173913044,122-4-13
2025-06-17,122,1.42,0.513,0.5248,0.513,0,NA,-1.05,0.0118,4,Fresh - Wet paper towel,-1.15,0.27,13,0.2298,1.23237597911227,0.950357781777564,4,0.0155518269947799,0.537357084265473,TRUE,0.920804671680237,0.0791953283197628,y.rep[99],0.6625765886389391,0.04618730007051122,0.5723282906038828,0.7530485950001262,0.7042253521126761,122-4-13
2025-06-17,122,2.32,0.5035,0.5248,0.5035,0,NA,-1.05,0.0213000000000001,4,Fresh - Wet paper towel,-1.42,0.9,13,0.2298,1.19103568320278,0.950357781777564,4,0.0155518269947799,0.537357084265473,TRUE,0.889916096888704,0.110083903111296,y.rep[100],0.4782104704014997,0.0494805038456789,0.37795104396743107,0.5717382510914409,0.4310344827586207,122-4-13
2025-06-17,122,2.41,0.4983,0.5248,0.4983,0,NA,-1.05,0.0265,4,Fresh - Wet paper towel,-2.32,0.0900000000000003,13,0.2298,1.16840731070496,0.950357781777564,4,0.0155518269947799,0.537357084265473,TRUE,0.873008666476496,0.126991333523504,y.rep[101],0.4110354149217351,0.04587733549884042,0.32179913537541477,0.5006484860472566,0.41493775933609955,122-4-13
2025-06-17,122,2.5,0.4935,0.5248,0.4935,0,NA,-1.05,0.0313000000000001,4,Fresh - Wet paper towel,-2.41,0.0899999999999999,13,0.2298,1.14751958224543,0.950357781777564,4,0.0155518269947799,0.537357084265473,FALSE,0.857401807634458,0.142598192365542,y.rep[102],0.38230348479131593,0.04267275578578613,0.29934534885644964,0.4663898941171368,0.4,122-4-13
2025-06-17,122,2.65,0.4881,0.5248,0.4881,0,NA,-1.05,0.0367000000000001,4,Fresh - Wet paper towel,-2.5,0.15,13,0.2298,1.12402088772846,0.950357781777564,4,0.0155518269947799,0.537357084265473,FALSE,0.839844091437165,0.160155908562835,y.rep[103],0.36829996906678153,0.04264693097362718,0.2840500858875899,0.45120522315268213,0.37735849056603776,122-4-13
2025-06-17,122,2.85,0.4826,0.5248,0.4826,0,NA,-1.05,0.0422000000000001,4,Fresh - Wet paper towel,-2.65,0.2,13,0.2298,1.10008703220191,0.950357781777564,4,0.0155518269947799,0.537357084265473,FALSE,0.82196123234733,0.17803876765267,y.rep[104],0.3565845715050354,0.04250456122534678,0.2735566120456248,0.44007950959312314,0.3508771929824561,122-4-13
2025-06-17,122,3.05,0.4703,0.5248,0.4693,0,NA,-1.05,0.0545,4,Fresh - Wet paper towel,-2.85,0.2,13,0.2298,1.04656222802437,0.950357781777564,4,0.0155518269947799,0.537357084265473,FALSE,0.781968656564608,0.218031343435392,y.rep[105],0.3315289822826664,0.042481618195590126,0.25002114483137683,0.4167922901086064,0.3278688524590164,122-4-13
2025-06-17,122,3.4,0.4575,0.5248,0.4575,0,NA,-1.05,0.0673,4,Fresh - Wet paper towel,-3.05,0.35,13,0.2298,0.990861618798956,0.950357781777564,4,0.0155518269947799,0.537357084265473,FALSE,0.740350366319174,0.259649633680826,y.rep[106],0.30541837057671917,0.04217879301051821,0.2211711905333411,0.38665612362953045,0.29411764705882354,122-4-13
2025-06-17,122,3.63,0.4457,0.5248,0.4457,0,NA,-1.05,0.0791000000000001,4,Fresh - Wet paper towel,-3.4,0.23,13,0.2298,0.939512619669278,0.950357781777564,4,0.0155518269947799,0.537357084265473,FALSE,0.701983504999164,0.298016495000836,y.rep[107],0.2816271143303422,0.042828734907148606,0.19800300383928499,0.3652755655652383,0.27548209366391185,122-4-13
2025-06-17,122,3.74,0.4377,0.5248,0.4377,0,NA,-1.05,0.0871000000000001,4,Fresh - Wet paper towel,-3.63,0.11,13,0.2298,0.904699738903394,0.950357781777564,4,0.0155518269947799,0.537357084265473,FALSE,0.675972073595767,0.324027926404233,y.rep[108],0.2649617347610237,0.04290523533988219,0.17902979916840323,0.34673689387293477,0.267379679144385,122-4-13
2025-06-17,122,4.03,0.4275,0.5248,0.4275,0,NA,-1.05,0.0973,4,Fresh - Wet paper towel,-3.74,0.29,13,0.2298,0.860313315926893,0.950357781777564,4,0.0155518269947799,0.537357084265473,FALSE,0.642807498556437,0.357192501443563,y.rep[109],0.24397875966063368,0.04276130219124496,0.1605753236414878,0.32819384866923934,0.24813895781637715,122-4-13
2025-06-17,16,0.33,0.655,0.655,0.655,0,NA,-0.33,0,4,Rehydrated,NA,NA,14,0.2443,1.68112975849366,0.995603957276431,4,0.0494331065759639,0.671918367346939,TRUE,0.960435826337617,0.0395641736623827,y.rep[110],2.90296938583431,0.06055622231464772,2.784568999445303,3.0218735667586056,3.0303030303030303,16-4-14
2025-06-17,16,0.53,0.6466,0.655,0.6466,0,NA,-0.33,0.00840000000000007,4,Rehydrated,-0.33,0.2,14,0.2443,1.64674580433893,0.995603957276431,4,0.0494331065759639,0.671918367346939,TRUE,0.940792142526475,0.0592078574735247,y.rep[111],2.083180231816792,0.04708877434645597,1.9903955180558268,2.174825647728851,1.8867924528301885,16-4-14
2025-06-17,16,0.65,0.64,0.655,0.64,0,NA,-0.33,0.015,4,Rehydrated,-0.53,0.12,14,0.2443,1.61972984036021,0.995603957276431,4,0.0494331065759639,0.671918367346939,TRUE,0.925357819532007,0.0746421804679933,y.rep[112],1.6054231823626375,0.05471034672289824,1.5010542506173492,1.7122049810896256,1.5384615384615383,16-4-14
2025-06-17,16,0.83,0.6304,0.655,0.6304,0,NA,-0.33,0.0246000000000001,4,Rehydrated,-0.65,0.18,14,0.2443,1.58043389275481,0.995603957276431,4,0.0494331065759639,0.671918367346939,TRUE,0.902907895176416,0.0970921048235842,y.rep[113],1.098895690782738,0.062146719366358225,0.9804975475009053,1.217289920498157,1.2048192771084338,16-4-14
2025-06-17,16,1.33,0.6134,0.655,0.6134,0,NA,-0.33,0.0416000000000001,4,Rehydrated,-0.83,0.5,14,0.2443,1.51084731887024,0.995603957276431,4,0.0494331065759639,0.671918367346939,FALSE,0.863152820796724,0.136847179203276,y.rep[114],0.5966990277261639,0.04684168413473237,0.5051440451279725,0.6876771101077889,0.7518796992481203,16-4-14
2025-06-17,16,1.71,0.5946,0.655,0.5946,0,NA,-0.33,0.0604,4,Rehydrated,-1.33,0.38,14,0.2443,1.43389275480966,0.995603957276431,4,0.0494331065759639,0.671918367346939,FALSE,0.819188385600359,0.180811614399641,y.rep[115],0.5383360966338803,0.04791149139579178,0.4445785176229239,0.6323068526414386,0.5847953216374269,16-4-14
2025-06-17,16,1.92,0.582,0.655,0.582,0,NA,-0.33,0.0730000000000001,4,Rehydrated,-1.71,0.21,14,0.2443,1.38231682357757,0.995603957276431,4,0.0494331065759639,0.671918367346939,FALSE,0.789722859883646,0.210277140116354,y.rep[116],0.5174346503356957,0.046096220901976584,0.42825333849088365,0.608417249021051,0.5208333333333334,16-4-14
2025-06-17,16,2.11,0.5696,0.655,0.5696,0,NA,-0.33,0.0854,4,Rehydrated,-1.92,0.19,14,0.2443,1.33155955792059,0.995603957276431,4,0.0494331065759639,0.671918367346939,FALSE,0.760725040924341,0.239274959075659,y.rep[117],0.49713315854794876,0.04515160430186219,0.40916944076600276,0.5863309606947318,0.47393364928909953,16-4-14
2025-06-17,16,2.26,0.5456,0.655,0.5456,0,NA,-0.33,0.1094,4,Rehydrated,-2.11,0.15,14,0.2443,1.23331968890708,0.995603957276431,4,0.0494331065759639,0.671918367346939,FALSE,0.704600230035364,0.295399769964636,y.rep[118],0.4572720806394459,0.04333866948149748,0.3732409553618721,0.5433760746755185,0.4424778761061947,16-4-14
2025-06-17,16,2.43,0.5336,0.655,0.5336,0,NA,-0.33,0.1214,4,Rehydrated,-2.26,0.17,14,0.2443,1.18419975440033,0.995603957276431,4,0.0494331065759639,0.671918367346939,FALSE,0.676537824590876,0.323462175409124,y.rep[119],0.43748755503596615,0.043123967253338974,0.3506430726068322,0.5204176953483062,0.4115226337448559,16-4-14
2025-06-17,16,2.52,0.5174,0.655,0.5174,0,NA,-0.33,0.1376,4,Rehydrated,-2.43,0.0899999999999999,14,0.2443,1.11788784281621,0.995603957276431,4,0.0494331065759639,0.671918367346939,FALSE,0.638653577240816,0.361346422759184,y.rep[120],0.4104795687272824,0.0433611815876234,0.3244883550103894,0.49382023883916376,0.3968253968253968,16-4-14
2025-06-17,16,2.71,0.5078,0.655,0.5078,0,NA,-0.33,0.1472,4,Rehydrated,-2.52,0.19,14,0.2443,1.07859189521081,0.995603957276431,4,0.0494331065759639,0.671918367346939,FALSE,0.616203652885226,0.383796347114774,y.rep[121],0.39479666603406544,0.043944588365591807,0.3089609787306198,0.4808477886147386,0.36900369003690037,16-4-14
2025-06-17,16,2.93,0.4902,0.655,0.4902,0,NA,-0.33,0.1648,4,Rehydrated,-2.71,0.22,14,0.2443,1.0065493246009,0.995603957276431,4,0.0494331065759639,0.671918367346939,FALSE,0.575045458233309,0.424954541766691,y.rep[122],0.3651919486329528,0.04505858223134057,0.27555009656871554,0.45249638815186993,0.341296928327645,16-4-14
2025-06-17,39,1.71,0.3388,0.3388,0.3388,0,NA,-1.71,0,4,Fresh - Wet paper towel,NA,NA,15,0.1462,1.31737346101231,0.930475896356119,9,0.0160205059920106,0.362251503476846,TRUE,0.891454106546595,0.108545893453405,y.rep[123],0.6321253755192479,0.05104233010220778,0.5320682586124807,0.7318219122285348,0.5847953216374269,39-4-15
2025-06-17,39,1.81,0.3308,0.3388,0.3308,0,NA,-1.71,0.008,4,Fresh - Wet paper towel,-1.71,0.1,15,0.1462,1.26265389876881,0.930475896356119,9,0.0160205059920106,0.362251503476846,TRUE,0.85442589859035,0.14557410140965,y.rep[124],0.508298708535315,0.04379571669667395,0.423370306231636,0.5944389326274353,0.5524861878453039,39-4-15
2025-06-17,39,1.96,0.3271,0.3388,0.3271,0,NA,-1.71,0.0117,4,Fresh - Wet paper towel,-1.81,0.15,15,0.1462,1.23734610123119,0.930475896356119,9,0.0160205059920106,0.362251503476846,TRUE,0.837300352410587,0.162699647589413,y.rep[125],0.4601260837905815,0.04322316665315036,0.373849754193722,0.543478216620724,0.5102040816326531,39-4-15
2025-06-17,39,2.37,0.3236,0.3388,0.3236,0,"pv(""46"")",-1.71,0.0152,4,Fresh - Wet paper towel,-1.96,0.41,15,0.1462,1.21340629274966,0.930475896356119,9,0.0160205059920106,0.362251503476846,TRUE,0.82110051142973,0.17889948857027,y.rep[126],0.4182912070484077,0.043378757421909886,0.3340610319149776,0.5041482184930306,0.42194092827004215,39-4-15
2025-06-17,39,2.7,0.3212,0.3388,0.3212,0,NA,-1.71,0.0176,4,Fresh - Wet paper towel,-2.37,0.33,15,0.1462,1.19699042407661,0.930475896356119,9,0.0160205059920106,0.362251503476846,TRUE,0.809992049042856,0.190007950957144,y.rep[127],0.392736808723828,0.04346382571941456,0.3075193636190078,0.4775675681726908,0.37037037037037035,39-4-15
2025-06-17,39,2.97,0.3171,0.3388,0.3171,0,NA,-1.71,0.0217,4,Fresh - Wet paper towel,-2.7,0.27,15,0.1462,1.16894664842681,0.930475896356119,9,0.0160205059920106,0.362251503476846,TRUE,0.791015092465281,0.208984907534719,y.rep[128],0.35525776256524816,0.04284003173372374,0.27336397494410614,0.4406518460341476,0.33670033670033667,39-4-15
2025-06-17,39,3.25,0.3131,0.3388,0.3131,0,NA,-1.71,0.0257,4,Fresh - Wet paper towel,-2.97,0.28,15,0.1462,1.14158686730506,0.930475896356119,9,0.0160205059920106,0.362251503476846,TRUE,0.772500988487159,0.227499011512841,y.rep[129],0.33068198155468076,0.042595198566555276,0.24685934009106286,0.41397190762504393,0.3076923076923077,39-4-15
2025-06-17,39,3.32,0.3085,0.3388,0.3085,0,NA,-1.71,0.0303,4,Fresh - Wet paper towel,-3.25,0.0699999999999998,15,0.1462,1.11012311901505,0.930475896356119,9,0.0160205059920106,0.362251503476846,TRUE,0.751209768912318,0.248790231087682,y.rep[130],0.3125325299765477,0.04310820471175567,0.23108399648603545,0.40002441296071783,0.30120481927710846,39-4-15
2025-06-17,39,3.49,0.3023,0.3388,0.3023,0,NA,-1.71,0.0365,4,Fresh - Wet paper towel,-3.32,0.17,15,0.1462,1.06771545827633,0.930475896356119,9,0.0160205059920106,0.362251503476846,TRUE,0.722512907746228,0.277487092253772,y.rep[131],0.293902971934762,0.04310522876268251,0.2088274717233726,0.37820107551692334,0.28653295128939826,39-4-15
2025-06-17,39,3.79,0.2901,0.3388,0.2901,0,NA,-1.71,0.0487,4,Fresh - Wet paper towel,-3.49,0.3,15,0.1462,0.984268125854993,0.930475896356119,9,0.0160205059920106,0.362251503476846,FALSE,0.666044890612955,0.333955109387045,y.rep[132],0.25877139420392764,0.04319961385873677,0.17487458810127937,0.3434537051145484,0.2638522427440633,39-4-15
2025-06-17,39,3.98,0.282,0.3388,0.282,0,NA,-1.71,0.0568,4,Fresh - Wet paper towel,-3.79,0.19,15,0.1462,0.928864569083447,0.930475896356119,9,0.0160205059920106,0.362251503476846,FALSE,0.628553830057257,0.371446169942743,y.rep[133],0.23555340321444837,0.04325189980495244,0.15111536239873674,0.32099519512060937,0.25125628140703515,39-4-15
2025-06-17,39,4.11,0.2774,0.3388,0.2774,0,NA,-1.71,0.0614,4,Fresh - Wet paper towel,-3.98,0.13,15,0.1462,0.897400820793434,0.930475896356119,9,0.0160205059920106,0.362251503476846,FALSE,0.607262610482416,0.392737389517584,y.rep[134],0.22315957460201782,0.04352886796544027,0.1378022579680076,0.3085302666270725,0.24330900243309,39-4-15
2025-06-17,46,1.05,0.425,0.425,0.425,0,NA,-1.05,0,4,Rehydrated,NA,NA,16,0.1803,1.35718247365502,0.987295399412494,4,0.0259591474245114,0.452005772646536,TRUE,0.900606555453394,0.0993934445466058,y.rep[135],0.9564309730600191,0.049432558495722145,0.8622592729754022,1.0550207928636242,0.9523809523809523,46-4-16
2025-06-17,46,1.15,0.4216,0.425,0.4216,0,NA,-1.05,0.00340000000000001,4,Rehydrated,-1.05,0.0999999999999999,16,0.1803,1.33832501386578,0.987295399412494,4,0.0259591474245114,0.452005772646536,TRUE,0.888093019333486,0.111906980666514,y.rep[136],0.8482458507171777,0.04399855949400698,0.7615730742467006,0.9345527327477368,0.8695652173913044,46-4-16
2025-06-17,46,1.25,0.4199,0.425,0.4199,0,"pv(""16"")",-1.05,0.00509999999999999,4,Rehydrated,-1.15,0.1,16,0.1803,1.32889628397116,0.987295399412494,4,0.0259591474245114,0.452005772646536,TRUE,0.881836251273532,0.118163748726468,y.rep[137],0.79909920398764,0.043245222205211424,0.7158833209057294,0.8847475345242881,0.8,46-4-16
2025-06-17,46,1.37,0.4164,0.425,0.4164,0,NA,-1.05,0.00859999999999999,4,Rehydrated,-1.25,0.12,16,0.1803,1.30948419301165,0.987295399412494,4,0.0259591474245114,0.452005772646536,TRUE,0.868954669973626,0.131045330026374,y.rep[138],0.7065348345605493,0.04298976044862682,0.6221790573241437,0.7908773240327112,0.7299270072992701,46-4-16
2025-06-17,46,1.56,0.4137,0.425,0.4137,0,NA,-1.05,0.0113,4,Rehydrated,-1.37,0.19,16,0.1803,1.2945091514143101,0.987295399412494,4,0.0259591474245114,0.452005772646536,FALSE,0.859017450113699,0.140982549886301,y.rep[139],0.6423306952669666,0.043614811770157816,0.558697023521269,0.728529628565354,0.641025641025641,46-4-16
2025-06-17,46,1.93,0.4101,0.425,0.4101,0,NA,-1.05,0.0149,4,Rehydrated,-1.56,0.37,16,0.1803,1.27454242928453,0.987295399412494,4,0.0259591474245114,0.452005772646536,FALSE,0.845767823633797,0.154232176366203,y.rep[140],0.5662306895756604,0.04507884820112653,0.47984360203942317,0.6566622375958553,0.5181347150259068,46-4-16
2025-06-17,46,2.11,0.4049,0.425,0.4049,0,NA,-1.05,0.0201,4,Rehydrated,-1.93,0.18,16,0.1803,1.24570160843039,0.987295399412494,4,0.0259591474245114,0.452005772646536,FALSE,0.826629474273937,0.173370525726063,y.rep[141],0.4732782350240828,0.04616987901447359,0.382868014708394,0.5631784953731497,0.47393364928909953,46-4-16
2025-06-17,46,2.3,0.3996,0.425,0.3996,0,NA,-1.05,0.0254,4,Rehydrated,-2.11,0.19,16,0.1803,1.21630615640599,0.987295399412494,4,0.0259591474245114,0.452005772646536,FALSE,0.80712307973408,0.19287692026592,y.rep[142],0.42114607347821353,0.04344734682459868,0.33791972739049003,0.5077775527143156,0.4347826086956522,46-4-16
2025-06-17,46,2.43,0.3945,0.425,0.3945,0,NA,-1.05,0.0305,4,Rehydrated,-2.3,0.13,16,0.1803,1.18801996672213,0.987295399412494,4,0.0259591474245114,0.452005772646536,FALSE,0.788352775554218,0.211647224445782,y.rep[143],0.40376792366412817,0.0437579197116709,0.3164082619016497,0.4887539191556425,0.4115226337448559,46-4-16
2025-06-17,46,2.66,0.3852,0.425,0.3852,0,deceptive bubbling,-1.05,0.0398,4,Rehydrated,-2.43,0.23,16,0.1803,1.13643926788686,0.987295399412494,4,0.0259591474245114,0.452005772646536,FALSE,0.754124573814469,0.245875426185531,y.rep[144],0.3820648851210568,0.04379838524572259,0.29540475487017603,0.46656246666647627,0.37593984962406013,46-4-16
2025-06-17,46,2.84,0.3748,0.425,0.3748,0,NA,-1.05,0.0502,4,Rehydrated,-2.66,0.18,16,0.1803,1.07875762617859,0.987295399412494,4,0.0259591474245114,0.452005772646536,FALSE,0.71584787509475,0.28415212490525,y.rep[145],0.3579500823275008,0.04352081918407751,0.27226221420838076,0.4431134116925277,0.35211267605633806,46-4-16
2025-06-17,46,3,0.3639,0.425,0.3639,0,NA,-1.05,0.0611,4,Rehydrated,-2.84,0.16,16,0.1803,1.01830282861897,0.987295399412494,4,0.0259591474245114,0.452005772646536,FALSE,0.675730950475044,0.324269049524956,y.rep[146],0.33271662306185107,0.04346742405684975,0.2453567621214979,0.4149944412805049,0.3333333333333333,46-4-16
2025-06-17,46,3.24,0.3546,0.425,0.3546,0,NA,-1.05,0.0704,4,Rehydrated,-3,0.24,16,0.1803,0.966722129783694,0.987295399412494,4,0.0259591474245114,0.452005772646536,FALSE,0.641502748735295,0.358497251264705,y.rep[147],0.31105773343612586,0.04404439151510107,0.22349424098133883,0.39586913221565423,0.30864197530864196,46-4-16
2025-06-17,5,0.99,0.5218,0.5218,0.5218,0,NA,-0.99,0,4,Rehydrated,NA,NA,17,0.2184,1.38919413919414,0.997282690061984,3,0.0198910081743882,0.541546049046323,TRUE,0.938894351007546,0.061105648992454,y.rep[148],0.9898200283111964,0.05122123492996607,0.8901231341506786,1.0905620222718677,1.0101010101010102,5-4-17
2025-06-17,5,1.12,0.5194,0.5218,0.5194,0,NA,-0.99,0.00240000000000006,4,Rehydrated,-0.99,0.13,17,0.2184,1.37820512820513,0.997282690061984,3,0.0198910081743882,0.541546049046323,TRUE,0.931467368666023,0.0685326313339774,y.rep[149],0.8858186979437211,0.04507835652892419,0.7996872330271342,0.9761291055422872,0.8928571428571428,5-4-17
2025-06-17,5,1.21,0.5174,0.5218,0.5174,0,NA,-0.99,0.00440000000000007,4,Rehydrated,-1.12,0.0899999999999999,17,0.2184,1.36904761904762,0.997282690061984,3,0.0198910081743882,0.541546049046323,TRUE,0.925278216714753,0.0747217832852466,y.rep[150],0.8070117739760106,0.04381624078016925,0.7206293907552437,0.8919864701774816,0.8264462809917356,5-4-17
2025-06-17,5,1.57,0.5136,0.5218,0.5136,0,NA,-0.99,0.00820000000000009,4,Rehydrated,-1.21,0.36,17,0.2184,1.35164835164835,0.997282690061984,3,0.0198910081743882,0.541546049046323,FALSE,0.913518828007342,0.0864811719926583,y.rep[151],0.6769331542549928,0.04614944081949432,0.5861175084348478,0.7664990392533323,0.6369426751592356,5-4-17
2025-06-17,5,1.85,0.51,0.5218,0.51,0,NA,-0.99,0.0118,4,Rehydrated,-1.57,0.28,17,0.2184,1.33516483516483,0.997282690061984,3,0.0198910081743882,0.541546049046323,FALSE,0.902378354495057,0.0976216455049427,y.rep[152],0.5730740327442017,0.050199375696943924,0.47176049879160636,0.66878285941683,0.5405405405405405,5-4-17
2025-06-17,5,2.05,0.5043,0.5218,0.5043,0,NA,-0.99,0.0175000000000001,4,Rehydrated,-1.85,0.2,17,0.2184,1.30906593406593,0.997282690061984,3,0.0198910081743882,0.541546049046323,FALSE,0.88473927143394,0.11526072856606,y.rep[153],0.4564816001937945,0.04620366614602431,0.3670670671824357,0.5478432082440103,0.48780487804878053,5-4-17
2025-06-17,5,2.21,0.5001,0.5218,0.5001,0,NA,-0.99,0.0217,4,Rehydrated,-2.05,0.16,17,0.2184,1.28983516483516,0.997282690061984,3,0.0198910081743882,0.541546049046323,FALSE,0.871742052336274,0.128257947663726,y.rep[154],0.4276709058081728,0.04334376215238875,0.3440737633048655,0.5132876341633397,0.45248868778280543,5-4-17
2025-06-17,5,2.42,0.4946,0.5218,0.4946,0,NA,-0.99,0.0272000000000001,4,Rehydrated,-2.21,0.21,17,0.2184,1.26465201465201,0.997282690061984,3,0.0198910081743882,0.541546049046323,FALSE,0.854721884470284,0.145278115529716,y.rep[155],0.41492296497806397,0.04331584523548045,0.3271894333381218,0.4975561687368023,0.4132231404958678,5-4-17
2025-06-17,5,2.48,0.4875,0.5218,0.4875,0,NA,-0.99,0.0343000000000001,4,Rehydrated,-2.42,0.0600000000000001,17,0.2184,1.23214285714286,0.997282690061984,3,0.0198910081743882,0.541546049046323,FALSE,0.832750395043278,0.167249604956722,y.rep[156],0.40056003594320116,0.04308788184929996,0.3170423137003271,0.48534341917462825,0.40322580645161293,5-4-17
2025-06-17,5,2.86,0.4707,0.5218,0.4707,0,NA,-0.99,0.0511,4,Rehydrated,-2.48,0.38,17,0.2184,1.15521978021978,0.997282690061984,3,0.0198910081743882,0.541546049046323,FALSE,0.780761518652616,0.219238481347384,y.rep[157],0.3681365791726755,0.04323144609406397,0.2825530269092537,0.45214877780908846,0.3496503496503497,5-4-17
2025-06-17,5,2.98,0.458,0.5218,0.458,0,NA,-0.99,0.0638,4,Rehydrated,-2.86,0.12,17,0.2184,1.0970695970696,0.997282690061984,3,0.0198910081743882,0.541546049046323,FALSE,0.741460403762057,0.258539596237943,y.rep[158],0.3432725057234587,0.04318114787273537,0.2567824808478004,0.4261639654858045,0.33557046979865773,5-4-17
2025-06-17,5,3.1,0.4505,0.5218,0.4505,0,NA,-0.99,0.0713,4,Rehydrated,-2.98,0.12,17,0.2184,1.06272893772894,0.997282690061984,3,0.0198910081743882,0.541546049046323,FALSE,0.718251083944797,0.281748916055203,y.rep[159],0.3280101134246888,0.043215648122187846,0.24137985634274953,0.4107602613657134,0.3225806451612903,5-4-17
2025-06-17,5,3.34,0.4367,0.5218,0.4367,0,NA,-0.99,0.0851000000000001,4,Rehydrated,-3.1,0.24,17,0.2184,0.999542124542124,0.997282690061984,3,0.0198910081743882,0.541546049046323,FALSE,0.675545935481039,0.324454064518961,y.rep[160],0.301040544063581,0.043475705151196746,0.21707605926537107,0.38668587574299274,0.29940119760479045,5-4-17
2025-06-17,69,1.84,0.3327,0.3327,0.3327,0,NA,-1.84,0,4,Fresh - Wet paper towel,NA,NA,18,0.1697,0.960518562168533,0.988714046223302,12,0.019769037559204,0.369207320463345,TRUE,0.817012627012589,0.182987372987411,y.rep[161],0.5314047088601664,0.0509055269253719,0.4299924419733018,0.6299609911567283,0.5434782608695652,69-4-18
2025-06-17,69,2.23,0.329,0.3327,0.329,0,NA,-1.84,0.00369999999999998,4,Fresh - Wet paper towel,-1.84,0.39,18,0.1697,0.938715380082499,0.988714046223302,12,0.019769037559204,0.369207320463345,TRUE,0.798466941614144,0.201533058385856,y.rep[162],0.4725767568675428,0.048793169427178755,0.37869019546273985,0.5699308301689128,0.4484304932735426,69-4-18
2025-06-17,69,2.31,0.3229,0.3327,0.3229,0,NA,-1.84,0.00979999999999997,4,Fresh - Wet paper towel,-2.23,0.0800000000000001,18,0.1697,0.902769593400118,0.988714046223302,12,0.019769037559204,0.369207320463345,TRUE,0.767891622443734,0.232108377556266,y.rep[163],0.4004653740845924,0.04613935018257331,0.3098696551368514,0.4901062004484157,0.4329004329004329,69-4-18
2025-06-17,69,2.64,0.317,0.3327,0.317,0,NA,-1.84,0.0157,4,Fresh - Wet paper towel,-2.31,0.33,18,0.1697,0.868002357100766,0.988714046223302,12,0.019769037559204,0.369207320463345,TRUE,0.738318772754321,0.261681227245679,y.rep[164],0.36121290030997016,0.043232102469255095,0.27604229710886163,0.44495611928189444,0.3787878787878788,69-4-18
2025-06-17,69,2.75,0.3144,0.3327,0.3144,0,NA,-1.84,0.0183,4,Fresh - Wet paper towel,-2.64,0.11,18,0.1697,0.852681202121391,0.988714046223302,12,0.019769037559204,0.369207320463345,TRUE,0.72528666950136,0.27471333049864,y.rep[165],0.3490809218371728,0.042792986540601534,0.26367849506597385,0.4310968943735204,0.36363636363636365,69-4-18
2025-06-17,69,2.9,0.3099,0.3327,0.3099,0,NA,-1.84,0.0228,4,Fresh - Wet paper towel,-2.75,0.15,18,0.1697,0.826163818503241,0.988714046223302,12,0.019769037559204,0.369207320463345,TRUE,0.702731106178926,0.297268893821074,y.rep[166],0.3311417452335198,0.04263460446045516,0.24607155787817192,0.4137641058046877,0.3448275862068966,69-4-18
2025-06-17,69,3.33,0.3048,0.3327,0.3048,0,NA,-1.84,0.0279,4,Fresh - Wet paper towel,-2.9,0.43,18,0.1697,0.796110783736005,0.988714046223302,12,0.019769037559204,0.369207320463345,TRUE,0.677168134413502,0.322831865586498,y.rep[167],0.31328911401959597,0.04278443453883908,0.22788292699018517,0.3958597649197807,0.3003003003003003,69-4-18
2025-06-17,69,3.39,0.299,0.3327,0.299,0,NA,-1.84,0.0337,4,Fresh - Wet paper towel,-3.33,0.0600000000000001,18,0.1697,0.761932822628167,0.988714046223302,12,0.019769037559204,0.369207320463345,TRUE,0.648096519464587,0.351903480535413,y.rep[168],0.293811779261652,0.04285603213141311,0.21083071476641968,0.3776527577984458,0.2949852507374631,69-4-18
2025-06-17,69,3.85,0.2911,0.3327,0.2911,0,NA,-1.84,0.0416,4,Fresh - Wet paper towel,-3.39,0.46,18,0.1697,0.715380082498527,0.988714046223302,12,0.019769037559204,0.369207320463345,TRUE,0.608498974965205,0.391501025034795,y.rep[169],0.2678242690622754,0.042675210275002054,0.18135156455028628,0.3490695118581307,0.2597402597402597,69-4-18
2025-06-17,69,4.38,0.2857,0.3327,0.2857,0,NA,-1.84,0.047,4,Fresh - Wet paper towel,-3.85,0.53,18,0.1697,0.683559222156747,0.988714046223302,12,0.019769037559204,0.369207320463345,TRUE,0.581432298978284,0.418567701021716,y.rep[170],0.25044617718536083,0.04288497881632827,0.16698941991744876,0.33525811564065433,0.22831050228310504,69-4-18
2025-06-17,69,4.56,0.2781,0.3327,0.2781,0,NA,-1.84,0.0546,4,Fresh - Wet paper towel,-4.38,0.18,18,0.1697,0.63877430760165,0.988714046223302,12,0.019769037559204,0.369207320463345,TRUE,0.543338458700397,0.456661541299603,y.rep[171],0.2258058307796039,0.043082568225723164,0.1425738174488321,0.31144668428267575,0.2192982456140351,69-4-18
2025-06-17,69,4.84,0.2745,0.3327,0.2745,0,NA,-1.84,0.0582,4,Fresh - Wet paper towel,-4.56,0.28,18,0.1697,0.61756040070713,0.988714046223302,12,0.019769037559204,0.369207320463345,TRUE,0.52529400804245,0.47470599195755,y.rep[172],0.2139106738538978,0.04320053655769599,0.12808357898631173,0.2970795106532822,0.2066115702479339,69-4-18
2025-06-24,101,0.8,0.2766,0.2766,0.2766,0,NA,-0.8,0,5,Rehydrated,NA,NA,19,0.1091,1.53528872593951,0.997342781047456,5,0.00678202843287609,0.281918021303933,TRUE,0.969227623000146,0.030772376999854,y.rep[173],1.1980522712989645,0.053315297016846855,1.0933715534486055,1.3017652591338862,1.25,101-5-19
2025-06-24,101,1.07,0.2747,0.2766,0.2747,0,NA,-0.8,0.00190000000000001,5,Rehydrated,-0.8,0.27,19,0.1091,1.51787351054079,0.997342781047456,5,0.00678202843287609,0.281918021303933,TRUE,0.958233399216861,0.0417666007831393,y.rep[174],0.9686238383905365,0.04442609788074024,0.8821940986222336,1.0560543299092595,0.9345794392523364,101-5-19
2025-06-24,101,1.14,0.2739,0.2766,0.2739,0,NA,-0.8,0.00270000000000003,5,Rehydrated,-1.07,0.0699999999999998,19,0.1091,1.51054078826764,0.997342781047456,5,0.00678202843287609,0.281918021303933,TRUE,0.95360425236074,0.0463957476392596,y.rep[175],0.8862895898750776,0.04452901983167586,0.7992059020426823,0.9736500569495103,0.8771929824561404,101-5-19
2025-06-24,101,1.47,0.2721,0.2766,0.2721,0,NA,-0.8,0.0045,5,Rehydrated,-1.14,0.33,19,0.1091,1.49404216315307,0.997342781047456,5,0.00678202843287609,0.281918021303933,TRUE,0.94318867193447,0.0568113280655296,y.rep[176],0.7254888243923513,0.0476816587576104,0.630167571974672,0.8177017213913191,0.6802721088435374,101-5-19
2025-06-24,101,2.08,0.2678,0.2766,0.2678,0,NA,-0.8,0.00880000000000003,5,Rehydrated,-1.47,0.61,19,0.1091,1.45462878093492,0.997342781047456,5,0.00678202843287609,0.281918021303933,TRUE,0.918307007582825,0.0816929924171753,y.rep[177],0.4524937143124724,0.04974776508971071,0.35477898845759104,0.5487092109908014,0.4807692307692307,101-5-19
2025-06-24,101,2.37,0.2664,0.2766,0.2664,0,NA,-0.8,0.0102,5,Rehydrated,-2.08,0.29,19,0.1091,1.44179651695692,0.997342781047456,5,0.00678202843287609,0.281918021303933,FALSE,0.910206000584615,0.0897939994153852,y.rep[178],0.40219160868366666,0.044510170508528214,0.3167095757075636,0.4910796452654139,0.42194092827004215,101-5-19
2025-06-24,101,2.72,0.2615,0.2766,0.2615,0,NA,-0.8,0.0151,5,Rehydrated,-2.37,0.35,19,0.1091,1.39688359303391,0.997342781047456,5,0.00678202843287609,0.281918021303933,FALSE,0.881852476090879,0.118147523909121,y.rep[179],0.3679153276274215,0.043447624423301745,0.2863279962864287,0.4563907371931488,0.3676470588235294,101-5-19
2025-06-24,101,2.87,0.2592,0.2766,0.2592,0,NA,-0.8,0.0174,5,Rehydrated,-2.72,0.15,19,0.1091,1.37580201649862,0.997342781047456,5,0.00678202843287609,0.281918021303933,FALSE,0.868543678879534,0.131456321120466,y.rep[180],0.3597652802875153,0.04336142092279874,0.2731717956499639,0.4437952213371499,0.3484320557491289,101-5-19
2025-06-24,101,3.1,0.2533,0.2766,0.2533,0,NA,-0.8,0.0233,5,Rehydrated,-2.87,0.23,19,0.1091,1.32172318973419,0.997342781047456,5,0.00678202843287609,0.281918021303933,FALSE,0.834403720815648,0.165596279184352,y.rep[181],0.3387531321690605,0.042980127553521645,0.2553477280854012,0.42240471560764864,0.3225806451612903,101-5-19
2025-06-24,101,3.25,0.2447,0.2766,0.2447,0,NA,-0.8,0.0319,5,Rehydrated,-3.1,0.15,19,0.1091,1.24289642529789,0.997342781047456,5,0.00678202843287609,0.281918021303933,FALSE,0.784640392112357,0.215359607887643,y.rep[182],0.30808054469170454,0.04309366557873699,0.22608424427288998,0.3952157847110901,0.3076923076923077,101-5-19
2025-06-24,101,3.61,0.2384,0.2766,0.2384,0,NA,-0.8,0.0382,5,Rehydrated,-3.25,0.36,19,0.1091,1.18515123739688,0.997342781047456,5,0.00678202843287609,0.281918021303933,FALSE,0.748185860620411,0.251814139379589,y.rep[183],0.2856321058421473,0.04257372733773577,0.20250003042733536,0.3695043507479434,0.2770083102493075,101-5-19
2025-06-24,101,3.79,0.2309,0.2766,0.2309,0,NA,-0.8,0.0457,5,Rehydrated,-3.61,0.18,19,0.1091,1.11640696608616,0.997342781047456,5,0.00678202843287609,0.281918021303933,FALSE,0.704787608844285,0.295212391155715,y.rep[184],0.25871621653762567,0.04322558436511651,0.17412611869905736,0.343237819185598,0.2638522427440633,101-5-19
2025-06-24,101,4.15,0.2193,0.2766,0.2193,0,NA,-0.8,0.0573,5,Rehydrated,-3.79,0.36,19,0.1091,1.01008249312557,0.997342781047456,5,0.00678202843287609,0.281918021303933,FALSE,0.637664979430544,0.362335020569456,y.rep[185],0.21758422796652702,0.043567725076231516,0.1317272540899898,0.3028211735174738,0.24096385542168672,101-5-19
2025-06-24,51,1.1,0.4297,0.4297,0.4297,0,NA,-1.1,0,5,Rehydrated,NA,NA,20,0.1965,1.18676844783715,0.980987201975139,8,0.0110018570210579,0.441002043891101,TRUE,0.953775258025511,0.0462247419744886,y.rep[186],0.9089579387261804,0.0476175662532286,0.8138992903996047,1.001310510418764,0.9090909090909091,51-5-20
2025-06-24,51,1.17,0.4289,0.4297,0.4289,0,NA,-1.1,8.0000000000002e-4,5,Rehydrated,-1.1,0.0699999999999998,20,0.1965,1.18269720101781,0.980987201975139,8,0.0110018570210579,0.441002043891101,TRUE,0.950503301737259,0.0494966982627408,y.rep[187],0.8718712272212851,0.04617354306580836,0.7822011084900828,0.9628148603691986,0.8547008547008548,51-5-20
2025-06-24,51,1.26,0.426,0.4297,0.426,0,NA,-1.1,0.00370000000000003,5,Rehydrated,-1.17,0.0900000000000001,20,0.1965,1.16793893129771,0.980987201975139,8,0.0110018570210579,0.441002043891101,TRUE,0.938642460192345,0.061357539807655,y.rep[188],0.74855764766982,0.04288141032055317,0.6631836210461488,0.8312329892585208,0.7936507936507936,51-5-20
2025-06-24,51,1.4,0.4244,0.4297,0.4244,0,NA,-1.1,0.00530000000000002,5,Rehydrated,-1.26,0.14,20,0.1965,1.15979643765903,0.980987201975139,8,0.0110018570210579,0.441002043891101,TRUE,0.932098547615841,0.0679014523841593,y.rep[189],0.6878561968554923,0.04310718864429839,0.605421230385613,0.7743880953050807,0.7142857142857143,51-5-20
2025-06-24,51,1.71,0.4226,0.4297,0.4226,0,NA,-1.1,0.00710000000000005,5,Rehydrated,-1.4,0.31,20,0.1965,1.15063613231552,0.980987201975139,8,0.0110018570210579,0.441002043891101,TRUE,0.924736645967273,0.0752633540327269,y.rep[190],0.6261923726323725,0.043302608066817835,0.5415864699617728,0.7112045483000345,0.5847953216374269,51-5-20
2025-06-24,51,2.1,0.4177,0.4297,0.4177,0,NA,-1.1,0.012,5,Rehydrated,-1.71,0.39,20,0.1965,1.12569974554707,0.980987201975139,8,0.0110018570210579,0.441002043891101,TRUE,0.904695913701729,0.0953040862982714,y.rep[191],0.4843140692700535,0.04576424583576714,0.39462006961710994,0.5736667349940711,0.47619047619047616,51-5-20
2025-06-24,51,2.54,0.4146,0.4297,0.4146,0,NA,-1.1,0.0151,5,Rehydrated,-2.1,0.44,20,0.1965,1.10992366412214,0.980987201975139,8,0.0110018570210579,0.441002043891101,TRUE,0.892017083084751,0.107982916915249,y.rep[192],0.41291858492626504,0.046164949577118815,0.32373518776585025,0.504296147210815,0.39370078740157477,51-5-20
2025-06-24,51,2.91,0.408,0.4297,0.408,0,NA,-1.1,0.0217,5,Rehydrated,-2.54,0.37,20,0.1965,1.0763358778626,0.980987201975139,8,0.0110018570210579,0.441002043891101,TRUE,0.865023443706671,0.134976556293329,y.rep[193],0.35125264949137025,0.04327729247895603,0.26821869841095736,0.43845696492990976,0.3436426116838488,51-5-20
2025-06-24,51,2.99,0.4039,0.4297,0.4039,0,NA,-1.1,0.0258,5,Rehydrated,-2.91,0.0800000000000001,20,0.1965,1.05547073791349,0.980987201975139,8,0.0110018570210579,0.441002043891101,FALSE,0.848254667729378,0.151745332270622,y.rep[194],0.34031259900970695,0.043555481540789254,0.25616450150607906,0.4265044875440175,0.33444816053511706,51-5-20
2025-06-24,51,3.24,0.3927,0.4297,0.3927,0,NA,-1.1,0.037,5,Rehydrated,-2.99,0.25,20,0.1965,0.998473282442748,0.980987201975139,8,0.0110018570210579,0.441002043891101,FALSE,0.802447279693848,0.197552720306152,y.rep[195],0.3121268248979235,0.04320497652719406,0.22717651951096654,0.3971271098144885,0.30864197530864196,51-5-20
2025-06-24,51,3.46,0.3831,0.4297,0.3831,0,NA,-1.1,0.0466,5,Rehydrated,-3.24,0.22,20,0.1965,0.949618320610687,0.980987201975139,8,0.0110018570210579,0.441002043891101,FALSE,0.763183804234822,0.236816195765178,y.rep[196],0.28805132068550826,0.0430232370946513,0.20326486513266934,0.3715140778329546,0.28901734104046245,51-5-20
2025-06-24,51,3.75,0.3698,0.4297,0.3698,0,NA,-1.1,0.0599,5,Rehydrated,-3.46,0.29,20,0.1965,0.881933842239186,0.980987201975139,8,0.0110018570210579,0.441002043891101,FALSE,0.708787530942629,0.291212469057371,y.rep[197],0.25453581355539,0.043109370904021796,0.17081179026897214,0.3406617312517525,0.26666666666666666,51-5-20
2025-06-24,51,4.03,0.3611,0.4297,0.3611,0,NA,-1.1,0.0686,5,Rehydrated,-3.75,0.28,20,0.1965,0.83765903307888,0.980987201975139,8,0.0110018570210579,0.441002043891101,FALSE,0.673205006307886,0.326794993692114,y.rep[198],0.23297124924995183,0.043564346477913705,0.14782263574215668,0.31822490380533397,0.24813895781637715,51-5-20
2025-06-24,56,2.3,0.5021,0.5027,0.5021,0,NA,-2.17,6.0000000000004e-4,5,Fresh,NA,NA,21,0.2432,1.06455592105263,0.985187438627999,9,0.0389922804089296,0.590579685652688,TRUE,0.745294013130203,0.254705986869797,y.rep[199],0.40879465240215684,0.050095789738213596,0.31423570530244266,0.5107517484369233,0.4347826086956522,56-5-21
2025-06-24,56,2.4,0.4926,0.5027,0.4926,0,NA,-2.17,0.0101,5,Fresh,-2.3,0.1,21,0.2432,1.02549342105263,0.985187438627999,9,0.0389922804089296,0.590579685652688,TRUE,0.717946415120404,0.282053584879596,y.rep[200],0.3792212018354119,0.042875148919311115,0.293628520902643,0.46131735747854374,0.4166666666666667,56-5-21
2025-06-24,56,2.73,0.4871,0.5027,0.4871,0,NA,-2.17,0.0156,5,Fresh,-2.4,0.33,21,0.2432,1.00287828947368,0.985187438627999,9,0.0389922804089296,0.590579685652688,TRUE,0.702113595219994,0.297886404780006,y.rep[201],0.366015655007281,0.04237863947610916,0.2829632242641407,0.4490207098105735,0.3663003663003663,56-5-21
2025-06-24,56,2.84,0.4835,0.5027,0.4835,0,NA,-2.17,0.0192000000000001,5,Fresh,-2.73,0.11,21,0.2432,0.988075657894737,0.985187438627999,9,0.0389922804089296,0.590579685652688,TRUE,0.691750294921544,0.308249705078456,y.rep[202],0.3578378915748903,0.04239057499394551,0.274976193722312,0.4413580012593547,0.35211267605633806,56-5-21
2025-06-24,56,2.92,0.4754,0.5027,0.4754,0,NA,-2.17,0.0273,5,Fresh,-2.84,0.0800000000000001,21,0.2432,0.954769736842105,0.985187438627999,9,0.0389922804089296,0.590579685652688,TRUE,0.668432869250032,0.331567130749968,y.rep[203],0.34209062157242887,0.04239282945130505,0.2593280831167959,0.4256046789535485,0.3424657534246575,56-5-21
2025-06-24,56,3.04,0.4691,0.5027,0.4691,0,NA,-2.17,0.0336,5,Fresh,-2.92,0.12,21,0.2432,0.928865131578947,0.985187438627999,9,0.0389922804089296,0.590579685652688,TRUE,0.650297093727744,0.349702906272256,y.rep[204],0.330150230361568,0.04225500648078203,0.2473422577387369,0.4133154095683988,0.32894736842105265,56-5-21
2025-06-24,56,3.53,0.4544,0.5027,0.4544,0,NA,-2.17,0.0483,5,Fresh,-3.04,0.49,21,0.2432,0.868421052631579,0.985187438627999,9,0.0389922804089296,0.590579685652688,TRUE,0.607980284175739,0.392019715824261,y.rep[205],0.3032548983972377,0.04256672687636961,0.21974793117925367,0.38708240144820294,0.28328611898017,56-5-21
2025-06-24,56,3.77,0.4455,0.5027,0.4455,0,NA,-2.17,0.0572,5,Fresh,-3.53,0.24,21,0.2432,0.831825657894737,0.985187438627999,9,0.0389922804089296,0.590579685652688,TRUE,0.582359902882349,0.417640097117651,y.rep[206],0.28662797749645336,0.042413412630828685,0.2056112255808106,0.37230259532890764,0.26525198938992045,56-5-21
2025-06-24,56,4.04,0.4305,0.5027,0.4305,0,NA,-2.17,0.0722,5,Fresh,-3.77,0.27,21,0.2432,0.770148026315789,0.985187438627999,9,0.0389922804089296,0.590579685652688,TRUE,0.53917948497214,0.46082051502786,y.rep[207],0.25873274730401774,0.04262867189309658,0.17599628457822436,0.3423067908417071,0.24752475247524752,56-5-21
2025-06-24,56,4.2,0.419,0.5027,0.419,0,NA,-2.17,0.0837000000000001,5,Fresh,-4.04,0.16,21,0.2432,0.722861842105263,0.985187438627999,9,0.0389922804089296,0.590579685652688,FALSE,0.506074497907647,0.493925502092353,y.rep[208],0.237510033886561,0.04311299114477327,0.15437224594352028,0.3227078052249416,0.23809523809523808,56-5-21
2025-06-24,86,1.25,0.5146,0.5146,0.5146,0,NA,-1.2,0,5,Fresh,NA,NA,22,0.2187,1.35299497027892,0.975531925945244,8,0.0288788214443951,0.548995595923792,TRUE,0.895864200587984,0.104135799412016,y.rep[209],0.8293690705977764,0.049578654435433696,0.7316096190779615,0.9253207191808418,0.8,86-5-22
2025-06-24,86,1.3,0.5088,0.5146,0.5088,0,NA,-1.2,0.00579999999999991,5,Fresh,-1.25,0.05,22,0.2187,1.32647462277092,0.975531925945244,8,0.0288788214443951,0.548995595923792,TRUE,0.878304172323671,0.121695827676329,y.rep[210],0.726318735473764,0.04487907659727138,0.6377022966470579,0.8129838498986593,0.7692307692307692,86-5-22
2025-06-24,86,1.4,0.5064,0.5146,0.5064,0,NA,-1.2,0.00819999999999998,5,Fresh,-1.3,0.0999999999999999,22,0.2187,1.31550068587106,0.975531925945244,8,0.0288788214443951,0.548995595923792,TRUE,0.871037953731541,0.128962046268459,y.rep[211],0.6876705948452079,0.04444917043613201,0.6003635173722336,0.7750391333172499,0.7142857142857143,86-5-22
2025-06-24,86,1.95,0.4972,0.5146,0.4972,0,NA,-1.2,0.0174,5,Fresh,-1.4,0.55,22,0.2187,1.27343392775492,0.975531925945244,8,0.0288788214443951,0.548995595923792,TRUE,0.843184115795044,0.156815884204956,y.rep[212],0.5578717417471267,0.04667123515014407,0.46499792776829363,0.6472145413735491,0.5128205128205129,86-5-22
2025-06-24,86,2.21,0.4867,0.5146,0.4867,0,NA,-1.2,0.0278999999999999,5,Fresh,-1.95,0.26,22,0.2187,1.22542295381802,0.975531925945244,8,0.0288788214443951,0.548995595923792,TRUE,0.811394409454477,0.188605590545523,y.rep[213],0.44490774327017873,0.046864112173396776,0.35256119864391233,0.5368486247219253,0.45248868778280543,86-5-22
2025-06-24,86,2.38,0.4813,0.5146,0.4813,0,NA,-1.2,0.0332999999999999,5,Fresh,-2.21,0.17,22,0.2187,1.20073159579332,0.975531925945244,8,0.0288788214443951,0.548995595923792,TRUE,0.795045417622186,0.204954582377814,y.rep[214],0.4103892808882269,0.04360027177911697,0.32558292646980064,0.49626668583509914,0.42016806722689076,86-5-22
2025-06-24,86,2.51,0.4752,0.5146,0.4752,0,NA,-1.2,0.0393999999999999,5,Fresh,-2.38,0.13,22,0.2187,1.17283950617284,0.975531925945244,8,0.0288788214443951,0.548995595923792,TRUE,0.776577112033856,0.223422887966144,y.rep[215],0.3890472492671832,0.04242036171675189,0.30612896680181007,0.47245509709548195,0.39840637450199207,86-5-22
2025-06-24,86,2.64,0.4701,0.5146,0.4701,0,NA,-1.2,0.0444999999999999,5,Fresh,-2.51,0.13,22,0.2187,1.14951989026063,0.975531925945244,8,0.0288788214443951,0.548995595923792,TRUE,0.76113639752558,0.23886360247442,y.rep[216],0.3773675360621938,0.04279595684456651,0.29493686250442713,0.46238761634602477,0.3787878787878788,86-5-22
2025-06-24,86,2.82,0.4609,0.5146,0.4609,0,NA,-1.2,0.0537,5,Fresh,-2.64,0.18,22,0.2187,1.10745313214449,0.975531925945244,8,0.0288788214443951,0.548995595923792,FALSE,0.733282559589083,0.266717440410917,y.rep[217],0.35969678058530213,0.04276454001340708,0.2744068977572594,0.4416504101096296,0.3546099290780142,86-5-22
2025-06-24,86,2.96,0.4515,0.5146,0.4515,0,NA,-1.2,0.0630999999999999,5,Fresh,-2.82,0.14,22,0.2187,1.06447187928669,0.975531925945244,8,0.0288788214443951,0.548995595923792,FALSE,0.704823203436576,0.295176796563424,y.rep[218],0.342468614500713,0.042595129449911104,0.2600157872893917,0.427027314878984,0.33783783783783783,86-5-22
2025-06-24,86,3.38,0.4366,0.5146,0.4366,0,NA,-1.2,0.078,5,Fresh,-2.96,0.42,22,0.2187,0.996342021033379,0.975531925945244,8,0.0288788214443951,0.548995595923792,FALSE,0.659712096343771,0.340287903656229,y.rep[219],0.3138796296856297,0.042621979708993396,0.2295217111704226,0.3966289874874729,0.2958579881656805,86-5-22
2025-06-24,86,3.5,0.4243,0.5146,0.4243,0,NA,-1.2,0.0902999999999999,5,Fresh,-3.38,0.12,22,0.2187,0.940100594421582,0.975531925945244,8,0.0288788214443951,0.548995595923792,FALSE,0.622472726059106,0.377527273940894,y.rep[220],0.291173909853074,0.042474661520353174,0.20761628850225394,0.3737728958754678,0.2857142857142857,86-5-22
2025-06-24,86,3.98,0.4009,0.5146,0.4009,0,NA,-1.2,0.1137,5,Fresh,-3.5,0.48,22,0.2187,0.833104709647919,0.975531925945244,8,0.0288788214443951,0.548995595923792,FALSE,0.551627094785842,0.448372905214158,y.rep[221],0.24646318525094957,0.043120658197281225,0.15901948186658432,0.32815817318559354,0.25125628140703515,86-5-22
2025-06-24,86,4.34,0.3865,0.5146,0.3865,0,NA,-1.2,0.1281,5,Fresh,-3.98,0.36,22,0.2187,0.767261088248743,0.975531925945244,8,0.0288788214443951,0.548995595923792,FALSE,0.508029783233064,0.491970216766936,y.rep[222],0.21927631122513463,0.04330493629510396,0.13422241820091174,0.30393269776962833,0.2304147465437788,86-5-22
2025-06-24,90,1.35,0.6111,0.6111,0.6111,0,NA,-1.35,0,5,Rehydrated,NA,NA,23,0.2525,1.42019801980198,0.999999402638427,3,0.0302837837837843,0.651987162162163,TRUE,0.897650873332531,0.102349126667469,y.rep[223],0.7368126493133803,0.0536303950483959,0.6322506738536667,0.8422736648319039,0.7407407407407407,90-5-23
2025-06-24,90,1.75,0.599,0.6111,0.599,0,NA,-1.35,0.0121,5,Rehydrated,-1.35,0.4,23,0.2525,1.37227722772277,0.999999402638427,3,0.0302837837837843,0.651987162162163,TRUE,0.867362040183273,0.132637959816727,y.rep[224],0.5763557592749641,0.04654501211431,0.48439602780870344,0.6663429158892912,0.5714285714285714,90-5-23
2025-06-24,90,2.05,0.5899,0.6111,0.5899,0,NA,-1.35,0.0212,5,Rehydrated,-1.75,0.3,23,0.2525,1.33623762376238,0.999999402638427,3,0.0302837837837843,0.651987162162163,TRUE,0.844582835087551,0.155417164912449,y.rep[225],0.4821432755441959,0.047640914204027926,0.3862233134209538,0.5725772905299206,0.48780487804878053,90-5-23
2025-06-24,90,2.29,0.5838,0.6111,0.5938,0,NA,-1.35,0.0273,5,Rehydrated,-2.05,0.24,23,0.2525,1.31207920792079,0.999999402638427,3,0.0302837837837843,0.651987162162163,FALSE,0.829313258045364,0.170686741954636,y.rep[226],0.43654990127275806,0.04521744645058141,0.34866574844291254,0.5249220037703758,0.4366812227074236,90-5-23
2025-06-24,90,2.46,0.5746,0.6111,0.5746,0,NA,-1.35,0.0365,5,Rehydrated,-2.29,0.17,23,0.2525,1.27564356435644,0.999999402638427,3,0.0302837837837843,0.651987162162163,FALSE,0.806283732014523,0.193716267985477,y.rep[227],0.4030593522339544,0.04297460059349948,0.3190780960498818,0.4881891366718634,0.4065040650406504,90-5-23
2025-06-24,90,2.6,0.5679,0.6111,0.5679,0,NA,-1.35,0.0432,5,Rehydrated,-2.46,0.14,23,0.2525,1.24910891089109,0.999999402638427,3,0.0302837837837843,0.651987162162163,FALSE,0.789512229361629,0.210487770638371,y.rep[228],0.39037363011106246,0.042741232481059196,0.30647411709109307,0.47352515428211095,0.3846153846153846,90-5-23
2025-06-24,90,2.76,0.5559,0.6111,0.5559,0,NA,-1.35,0.0552,5,Rehydrated,-2.6,0.16,23,0.2525,1.20158415841584,0.999999402638427,3,0.0302837837837843,0.651987162162163,FALSE,0.759473717147489,0.240526282852511,y.rep[229],0.37143373704708005,0.04255647747045671,0.28764562836292856,0.4547485538830852,0.3623188405797102,90-5-23
2025-06-24,90,2.84,0.5438,0.6111,0.5438,0,NA,-1.35,0.0673,5,Rehydrated,-2.76,0.0800000000000001,23,0.2525,1.15366336633663,0.999999402638427,3,0.0302837837837843,0.651987162162163,FALSE,0.729184883998232,0.270815116001768,y.rep[230],0.3532576061713074,0.04269030907287872,0.26950895679634446,0.4370502151725717,0.35211267605633806,90-5-23
2025-06-24,90,3.16,0.5263,0.6111,0.5263,0,NA,-1.35,0.0848,5,Rehydrated,-2.84,0.32,23,0.2525,1.08435643564356,0.999999402638427,3,0.0302837837837843,0.651987162162163,FALSE,0.685378720352613,0.314621279647387,y.rep[231],0.3260762547730684,0.04256994318072456,0.24416022158346495,0.4110548093823663,0.3164556962025316,90-5-23
2025-06-24,90,3.42,0.5053,0.6111,0.5053,0,NA,-1.35,0.1058,5,Rehydrated,-3.16,0.26,23,0.2525,1.00118811881188,0.999999402638427,3,0.0302837837837843,0.651987162162163,FALSE,0.632811323977869,0.367188676022131,y.rep[232],0.2938104727371627,0.042586272586627276,0.21074355469304634,0.3777255162021405,0.29239766081871343,90-5-23
2025-06-24,90,4.14,0.4679,0.6111,0.4679,0,NA,-1.35,0.1432,5,Rehydrated,-3.42,0.72,23,0.2525,0.853069306930693,0.999999402638427,3,0.0302837837837843,0.651987162162163,FALSE,0.539191294243801,0.460808705756199,y.rep[233],0.23630977928562066,0.0431035087398281,0.15292644381568815,0.3213497520013911,0.24154589371980678,90-5-23
2025-06-24,90,4.51,0.4467,0.6111,0.4467,0,NA,-1.35,0.1644,5,Rehydrated,-4.14,0.37,23,0.2525,0.769108910891089,0.999999402638427,3,0.0302837837837843,0.651987162162163,FALSE,0.486123255998822,0.513876744001178,y.rep[234],0.20361584923529186,0.04389165687885278,0.11687161728660576,0.28871113626733946,0.22172949002217296,90-5-23
2025-06-24,91,3.27,0.3646,0.3646,0.3646,0,NA,-3.16,0,5,Fresh,NA,NA,24,0.1899,0.919957872564507,0.922149949759069,8,0.0291514074176345,0.448129423744024,TRUE,0.676530185704846,0.323469814295154,y.rep[235],0.3338739948986082,0.04289104365150368,0.24939148944409792,0.41755156806878785,0.3058103975535168,91-5-24
2025-06-24,91,3.3,0.3463,0.3646,0.3463,0,NA,-3.16,0.0183,5,Fresh,-3.27,0.0299999999999998,24,0.1899,0.823591363875724,0.922149949759069,8,0.0291514074176345,0.448129423744024,TRUE,0.60566297106032,0.39433702893968,y.rep[236],0.28976289253486576,0.042371710741021765,0.20803413320518183,0.37378496286500074,0.30303030303030304,91-5-24
2025-06-24,91,3.5,0.3432,0.3646,0.3432,0,NA,-3.16,0.0214,5,Fresh,-3.3,0.2,24,0.1899,0.807266982622433,0.922149949759069,8,0.0291514074176345,0.448129423744024,TRUE,0.593658142350045,0.406341857649955,y.rep[237],0.2822106530546259,0.04234676810175018,0.20276516223793467,0.368020643906289,0.2857142857142857,91-5-24
2025-06-24,91,3.71,0.3384,0.3646,0.3384,0,NA,-3.16,0.0262,5,Fresh,-3.5,0.21,24,0.1899,0.781990521327014,0.922149949759069,8,0.0291514074176345,0.448129423744024,TRUE,0.575070020476071,0.424929979523929,y.rep[238],0.2713011302069966,0.04211380094428589,0.1861712848370105,0.3508368695554961,0.2695417789757412,91-5-24
2025-06-24,91,3.78,0.3337,0.3646,0.3337,0,NA,-3.16,0.0309,5,Fresh,-3.71,0.0699999999999998,24,0.1899,0.75724065297525,0.922149949759069,8,0.0291514074176345,0.448129423744024,TRUE,0.556869151141138,0.443130848858862,y.rep[239],0.26022293725889156,0.04222886244739129,0.17851040797704565,0.3441860421772952,0.2645502645502646,91-5-24
2025-06-24,91,4.34,0.3212,0.3646,0.3212,0,NA,-3.16,0.0434,5,Fresh,-3.78,0.56,24,0.1899,0.691416535018431,0.922149949759069,8,0.0291514074176345,0.448129423744024,TRUE,0.508462583760998,0.491537416239002,y.rep[240],0.22988025577258775,0.04232857916282571,0.1491861866805734,0.31536910332639106,0.2304147465437788,91-5-24
2025-06-24,91,4.65,0.3154,0.3646,0.3154,0,NA,-3.16,0.0492,5,Fresh,-4.34,0.31,24,0.1899,0.660874144286467,0.922149949759069,8,0.0291514074176345,0.448129423744024,TRUE,0.486001936496612,0.513998063503388,y.rep[241],0.2165569289444024,0.04244395901110306,0.13323553325110776,0.3006380798825133,0.2150537634408602,91-5-24
2025-06-24,91,4.99,0.3028,0.3646,0.3028,0,NA,-3.16,0.0618,5,Fresh,-4.65,0.34,24,0.1899,0.594523433385993,0.922149949759069,8,0.0291514074176345,0.448129423744024,TRUE,0.437208116577431,0.562791883422569,y.rep[242],0.18652402264068701,0.042979904378607214,0.10603195954731147,0.27400380892988035,0.2004008016032064,91-5-24
2025-07-01,122,0.8,0.4213,0.4213,0.4213,0,NA,-0.8,0,6,Rehydrated,NA,NA,25,0.1633,1.579914268218,0.933009779925699,12,0.0402521725241937,0.472800025772635,TRUE,0.8336025153986,0.1663974846014,y.rep[243],1.0017900511230085,0.05163278613150772,0.9009737126068853,1.1022951374430723,1.25,122-6-25
2025-07-01,122,1.3,0.4195,0.4213,0.4195,0,NA,-0.8,0.00180000000000002,6,Rehydrated,-0.8,0.5,25,0.1633,1.56889161053276,0.933009779925699,12,0.0402521725241937,0.472800025772635,TRUE,0.827786683895819,0.172213316104181,y.rep[244],0.9232787886132788,0.046571663937072495,0.8327886460561992,1.0151747475083714,0.7692307692307692,122-6-25
2025-07-01,122,1.45,0.4161,0.4213,0.4161,0,NA,-0.8,0.00519999999999998,6,Rehydrated,-1.3,0.15,25,0.1633,1.54807103490508,0.933009779925699,12,0.0402521725241937,0.472800025772635,TRUE,0.816801224390566,0.183198775609434,y.rep[245],0.7916018941423474,0.04517068716453925,0.7024883310229904,0.8784254471581576,0.6896551724137931,122-6-25
2025-07-01,122,1.65,0.4109,0.4213,0.4109,0,NA,-0.8,0.0104,6,Rehydrated,-1.45,0.2,25,0.1633,1.51622780159216,0.933009779925699,12,0.0402521725241937,0.472800025772635,TRUE,0.799999933382532,0.200000066617468,y.rep[246],0.6266098446921452,0.05104031704998553,0.5266569336205112,0.7261054471201557,0.6060606060606061,122-6-25
2025-07-01,122,2.05,0.4029,0.4213,0.4029,0,NA,-0.8,0.0184,6,Rehydrated,-1.65,0.4,25,0.1633,1.46723821187998,0.933009779925699,12,0.0402521725241937,0.472800025772635,TRUE,0.774151793370173,0.225848206629827,y.rep[247],0.465336048230326,0.04608729164904025,0.3754538303014136,0.5556650077009393,0.48780487804878053,122-6-25
2025-07-01,122,2.3,0.3951,0.4213,0.3951,0,NA,-0.8,0.0262,6,Rehydrated,-2.05,0.25,25,0.1633,1.41947336191059,0.933009779925699,12,0.0402521725241937,0.472800025772635,TRUE,0.748949856858122,0.251050143141878,y.rep[248],0.43585706107260264,0.04319849257172788,0.35194570931721814,0.521126165864391,0.4347826086956522,122-6-25
2025-07-01,122,2.46,0.3857,0.4213,0.3857,0,NA,-0.8,0.0356,6,Rehydrated,-2.3,0.16,25,0.1633,1.36191059399878,0.933009779925699,12,0.0402521725241937,0.472800025772635,TRUE,0.718578292343599,0.281421707656401,y.rep[249],0.4164112188824529,0.042809773854755165,0.33384304666305514,0.5011809876409704,0.4065040650406504,122-6-25
2025-07-01,122,2.55,0.3659,0.4213,0.3659,0,NA,-0.8,0.0554,6,Rehydrated,-2.46,0.0899999999999999,25,0.1633,1.24066135946111,0.933009779925699,12,0.0402521725241937,0.472800025772635,TRUE,0.654604145813009,0.345395854186991,y.rep[250],0.3759380487976384,0.04249835359090325,0.2928898233460738,0.4592410900990138,0.3921568627450981,122-6-25
2025-07-01,122,2.72,0.3585,0.4213,0.3585,0,NA,-0.8,0.0628,6,Rehydrated,-2.55,0.17,25,0.1633,1.19534598897734,0.933009779925699,12,0.0402521725241937,0.472800025772635,TRUE,0.630694616301576,0.369305383698424,y.rep[251],0.3605773471682317,0.04242508781378152,0.2769262355073286,0.44306081923536,0.3676470588235294,122-6-25
2025-07-01,122,3.16,0.3438,0.4213,0.3438,0,NA,-0.8,0.0775,6,Rehydrated,-2.72,0.44,25,0.1633,1.1053276178812,0.933009779925699,12,0.0402521725241937,0.472800025772635,TRUE,0.583198659028865,0.416801340971135,y.rep[252],0.33103144290214254,0.04256193098104845,0.2493010801677497,0.4155734557483023,0.3164556962025316,122-6-25
2025-07-01,122,3.55,0.3228,0.4213,0.3228,0,NA,-0.8,0.0985,6,Rehydrated,-3.16,0.39,25,0.1633,0.976729944886711,0.933009779925699,12,0.0402521725241937,0.472800025772635,TRUE,0.515347291496421,0.484652708503579,y.rep[253],0.2881062819217128,0.0431606024530823,0.20187125913122947,0.3713757716887927,0.28169014084507044,122-6-25
2025-07-01,122,3.77,0.3137,0.4213,0.3137,0,NA,-0.8,0.1076,6,Rehydrated,-3.55,0.22,25,0.1633,0.9210042865891,0.933009779925699,12,0.0402521725241937,0.472800025772635,TRUE,0.485945032232362,0.514054967767638,y.rep[254],0.26981030712100784,0.04336558173322237,0.18623546147337705,0.35590350098994006,0.26525198938992045,122-6-25
2025-07-01,16,1.6,0.5211,0.5366,0.5211,0,NA,-1.48,0.0154999999999999,6,Fresh - Wet paper towel,NA,NA,26,0.2628,0.982876712328767,0.995434255013948,6,0.0281415135482067,0.567408799545788,TRUE,0.847972876637706,0.152027123362294,y.rep[255],0.6213405909329446,0.052367367595592997,0.5213454372645417,0.7276811999998993,0.625,16-6-26
2025-07-01,16,2.09,0.5102,0.5366,0.5102,0,NA,-1.48,0.0264,6,Fresh - Wet paper towel,-1.6,0.49,26,0.2628,0.941400304414003,0.995434255013948,6,0.0281415135482067,0.567408799545788,TRUE,0.8121892747974,0.1878107252026,y.rep[256],0.48179851011843544,0.04839324619997382,0.3838972322958705,0.5736592268364309,0.47846889952153115,16-6-26
2025-07-01,16,2.33,0.5026,0.5366,0.5026,0,NA,-1.48,0.0339999999999999,6,Fresh - Wet paper towel,-2.09,0.24,26,0.2628,0.91248097412481,0.995434255013948,6,0.0281415135482067,0.567408799545788,TRUE,0.787239240486729,0.212760759513271,y.rep[257],0.4148740063533685,0.046189059883888946,0.32538955484016746,0.5066693905733638,0.4291845493562232,16-6-26
2025-07-01,16,2.6,0.4945,0.5366,0.4945,0,NA,-1.48,0.0421,6,Fresh - Wet paper towel,-2.33,0.27,26,0.2628,0.881659056316591,0.995434255013948,6,0.0281415135482067,0.567408799545788,TRUE,0.760647756550354,0.239352243449646,y.rep[258],0.3758529910704176,0.04379810498519158,0.29198035962131513,0.46412162522753697,0.3846153846153846,16-6-26
2025-07-01,16,2.88,0.4848,0.5366,0.4848,0,NA,-1.48,0.0518,6,Fresh - Wet paper towel,-2.6,0.28,26,0.2628,0.844748858447489,0.995434255013948,6,0.0281415135482067,0.567408799545788,TRUE,0.728803633811734,0.271196366188266,y.rep[259],0.3502781849448495,0.043931557094493735,0.2630298078595297,0.43477221984574765,0.3472222222222222,16-6-26
2025-07-01,16,3.43,0.4711,0.5366,0.4711,0,NA,-1.48,0.0654999999999999,6,Fresh - Wet paper towel,-2.88,0.55,26,0.2628,0.79261796042618,0.995434255013948,6,0.0281415135482067,0.567408799545788,TRUE,0.683827914067496,0.316172085932504,y.rep[260],0.32181208796040445,0.043517075728611306,0.23494955360928302,0.4066155617116198,0.29154518950437314,16-6-26
2025-07-01,16,3.81,0.4417,0.5366,0.4417,0,NA,-1.48,0.0949,6,Fresh - Wet paper towel,-3.43,0.38,26,0.2628,0.680745814307458,0.995434255013948,6,0.0281415135482067,0.567408799545788,FALSE,0.587310676076212,0.412689323923788,y.rep[261],0.26158691716839555,0.0436466930081104,0.17726764199004363,0.34814363324910713,0.26246719160104987,16-6-26
2025-07-01,16,4.23,0.4286,0.5366,0.4286,0,NA,-1.48,0.108,6,Fresh - Wet paper towel,-3.81,0.42,26,0.2628,0.63089802130898,0.995434255013948,6,0.0281415135482067,0.567408799545788,FALSE,0.544304695882817,0.455695304117183,y.rep[262],0.23545868571166467,0.04381498878526187,0.14977380246206895,0.32079602971210197,0.23640661938534277,16-6-26
2025-07-01,16,5.1,0.4014,0.5366,0.4014,0,NA,-1.48,0.1352,6,Fresh - Wet paper towel,-4.23,0.869999999999999,26,0.2628,0.527397260273973,0.995434255013948,6,0.0281415135482067,0.567408799545788,FALSE,0.455009836244623,0.544990163755377,y.rep[263],0.1799706008546343,0.04435616730931163,0.09398019662248273,0.26784518020235437,0.19607843137254904,16-6-26
2025-07-01,39,1.01,0.3561,0.3561,0.3561,0,NA,-1.01,0,6,Rehydrated,NA,NA,27,0.1566,1.27394636015326,0.998881779930484,3,0.0124391046741282,0.368608229098091,TRUE,0.941001209475203,0.058998790524797,y.rep[264],0.9727409951348275,0.052427932594164305,0.8695263704916316,1.0748011647995694,0.9900990099009901,39-6-27
2025-07-01,39,1.23,0.3532,0.3561,0.3532,0,NA,-1.01,0.00290000000000001,6,Rehydrated,-1.01,0.22,27,0.1566,1.25542784163474,0.998881779930484,3,0.0124391046741282,0.368608229098091,TRUE,0.927322495152005,0.0726775048479954,y.rep[265],0.8081128422137023,0.04443435765985377,0.7217177119878084,0.8958508383621907,0.8130081300813008,39-6-27
2025-07-01,39,1.46,0.3505,0.3561,0.3505,0,NA,-1.01,0.00560000000000004,6,Rehydrated,-1.23,0.23,27,0.1566,1.23818646232439,0.998881779930484,3,0.0124391046741282,0.368608229098091,TRUE,0.914587140437302,0.0854128595626976,y.rep[266],0.6798899955798696,0.04356072711438663,0.5967857683338328,0.7667468084579593,0.684931506849315,39-6-27
2025-07-01,39,1.59,0.3497,0.3561,0.3497,0,NA,-1.01,0.00640000000000001,6,Rehydrated,-1.46,0.13,27,0.1566,1.2330779054917,0.998881779930484,3,0.0124391046741282,0.368608229098091,FALSE,0.910813702003317,0.0891862979966832,y.rep[267],0.6459378975830447,0.043943919942322676,0.5593097585333718,0.7324424260991943,0.6289308176100629,39-6-27
2025-07-01,39,1.78,0.3479,0.3561,0.3479,0,NA,-1.01,0.00820000000000004,6,Rehydrated,-1.59,0.19,27,0.1566,1.22158365261814,0.998881779930484,3,0.0124391046741282,0.368608229098091,FALSE,0.902323465526849,0.0976765344731514,y.rep[268],0.5758720868693097,0.044731242692581004,0.4896208787569681,0.6646226922721462,0.5617977528089888,39-6-27
2025-07-01,39,2.17,0.3447,0.3561,0.3447,0,NA,-1.01,0.0114,6,Rehydrated,-1.78,0.39,27,0.1566,1.20114942528736,0.998881779930484,3,0.0124391046741282,0.368608229098091,FALSE,0.887229711790906,0.112770288209094,y.rep[269],0.46890632095676815,0.0469916705076434,0.3770075425098243,0.5604638741026919,0.4608294930875576,39-6-27
2025-07-01,39,2.62,0.3388,0.3561,0.3388,0,NA,-1.01,0.0173,6,Rehydrated,-2.17,0.45,27,0.1566,1.16347381864623,0.998881779930484,3,0.0124391046741282,0.368608229098091,FALSE,0.85940060334026,0.14059939665974,y.rep[270],0.37463752178950815,0.04410129736866337,0.2886280772389693,0.4615446587301234,0.38167938931297707,39-6-27
2025-07-01,39,2.83,0.3349,0.3561,0.3349,0,NA,-1.01,0.0212,6,Rehydrated,-2.62,0.21,27,0.1566,1.13856960408685,0.998881779930484,3,0.0124391046741282,0.368608229098091,FALSE,0.84100509097458,0.15899490902542,y.rep[271],0.3615851161408554,0.04435136738347243,0.2737511704529145,0.44860273680632223,0.35335689045936397,39-6-27
2025-07-01,39,3.25,0.3207,0.3561,0.3207,0,NA,-1.01,0.0354,6,Rehydrated,-2.83,0.42,27,0.1566,1.04789272030651,0.998881779930484,3,0.0124391046741282,0.368608229098091,FALSE,0.774026558771332,0.225973441228668,y.rep[272],0.32078196822088506,0.04384305773677018,0.23612070921067513,0.40712034246660195,0.3076923076923077,39-6-27
2025-07-01,39,3.6,0.3056,0.3561,0.3056,0,NA,-1.01,0.0505,6,Rehydrated,-3.25,0.35,27,0.1566,0.9514687100894,0.998881779930484,3,0.0124391046741282,0.368608229098091,FALSE,0.702802908329851,0.297197091670149,y.rep[273],0.27714161891225053,0.044203041323039136,0.1926946342815827,0.3663575833905894,0.2777777777777778,39-6-27
2025-07-01,39,4.5,0.278,0.3561,0.278,0,NA,-1.01,0.0781,6,Rehydrated,-3.6,0.9,27,0.1566,0.775223499361431,0.998881779930484,3,0.0124391046741282,0.368608229098091,FALSE,0.572619282357342,0.427380717642658,y.rep[274],0.19743970816236767,0.04531086977915454,0.10998939357447765,0.2867022823708845,0.2222222222222222,39-6-27
2025-07-01,46,2.34,0.2995,0.3174,0.2995,0,NA,-1.66,0.0179,6,Fresh - Wet paper towel,NA,NA,28,0.1658,0.806393244873341,0.989637118891422,7,0.0155740008347079,0.333153282985869,TRUE,0.79890873734033,0.20109126265967,y.rep[275],0.41064950271331224,0.05343568708775094,0.3064613857251456,0.5152606657639291,0.4273504273504274,46-6-28
2025-07-01,46,2.62,0.291,0.3174,0.291,0,NA,-1.66,0.0264,6,Fresh - Wet paper towel,-2.34,0.28,28,0.1658,0.755126658624849,0.989637118891422,7,0.0155740008347079,0.333153282985869,TRUE,0.748117979917796,0.251882020082204,y.rep[276],0.3518347539403099,0.043313188241610026,0.2694455432796291,0.43925815516983785,0.38167938931297707,46-6-28
2025-07-01,46,2.88,0.2863,0.3174,0.2863,0,NA,-1.66,0.0311,6,Fresh - Wet paper towel,-2.62,0.26,28,0.1658,0.726779252110977,0.989637118891422,7,0.0155740008347079,0.333153282985869,TRUE,0.720033678754748,0.279966321245252,y.rep[277],0.3328375337325978,0.04292573260413144,0.25098896779194557,0.4190363932741109,0.3472222222222222,46-6-28
2025-07-01,46,3.51,0.2788,0.3174,0.2788,0,NA,-1.66,0.0386,6,Fresh - Wet paper towel,-2.88,0.63,28,0.1658,0.681544028950543,0.989637118891422,7,0.0155740008347079,0.333153282985869,TRUE,0.675218304558394,0.324781695441606,y.rep[278],0.30389499264084763,0.042644707126559565,0.22199190331153087,0.3890130170606438,0.2849002849002849,46-6-28
2025-07-01,46,3.72,0.2742,0.3174,0.2742,0,NA,-1.66,0.0432,6,Fresh - Wet paper towel,-3.51,0.21,28,0.1658,0.653799758745476,0.989637118891422,7,0.0155740008347079,0.333153282985869,TRUE,0.647731541717964,0.352268458282036,y.rep[279],0.2865872559211009,0.04253181097799143,0.20105736674826827,0.3671820008876763,0.26881720430107525,46-6-28
2025-07-01,46,4.62,0.263,0.3174,0.263,0,NA,-1.66,0.0544,6,Fresh - Wet paper towel,-3.72,0.9,28,0.1658,0.586248492159228,0.989637118891422,7,0.0155740008347079,0.333153282985869,TRUE,0.580807249584743,0.419192750415257,y.rep[280],0.24465852939822558,0.04257695614620519,0.16298482313829027,0.3296043388270634,0.21645021645021645,46-6-28
2025-07-01,46,5.35,0.2493,0.3174,0.2493,0,NA,-1.66,0.0681,6,Fresh - Wet paper towel,-4.62,0.73,28,0.1658,0.503618817852835,0.989637118891422,7,0.0155740008347079,0.333153282985869,TRUE,0.49894449938607,0.50105550061393,y.rep[281],0.1928979578475843,0.04255006111754668,0.10877580098119999,0.27534390513138335,0.1869158878504673,46-6-28
2025-07-01,46,6.2,0.242,0.3174,0.242,0,NA,-1.66,0.0754,6,Fresh - Wet paper towel,-5.35,0.850000000000001,28,0.1658,0.459589867310012,0.989637118891422,7,0.0155740008347079,0.333153282985869,FALSE,0.455324201834953,0.544675798165047,y.rep[282],0.1656856434549453,0.042853268338099715,0.08176173891403932,0.24960835003191342,0.16129032258064516,46-6-28
2025-07-01,46,8.25,0.2255,0.3174,0.2255,0,NA,-1.66,0.0919,6,Fresh - Wet paper towel,-6.2,2.05,28,0.1658,0.360072376357057,0.989637118891422,7,0.0155740008347079,0.333153282985869,FALSE,0.356730378602975,0.643269621397025,y.rep[283],0.10339663929113468,0.04420901533206305,0.015443541176366524,0.1893880304239568,0.12121212121212122,46-6-28
2025-07-01,5,2.15,0.6844,0.707,0.6844,0,NA,-1.85,0.0225999999999999,6,Fresh - Wet paper towel,NA,NA,29,0.3873,0.767105602891815,0.908009466384012,9,0.0322227033011067,0.725131435279042,TRUE,0.87943266663329,0.12056733336671,y.rep[284],0.47463466479305155,0.04908348637123573,0.38049506842587005,0.5730284916850289,0.46511627906976744,5-6-29
2025-07-01,5,2.35,0.6656,0.707,0.6656,0,NA,-1.85,0.0414,6,Fresh - Wet paper towel,-2.15,0.2,29,0.3873,0.718564420345985,0.908009466384012,9,0.0322227033011067,0.725131435279042,TRUE,0.823783611996111,0.176216388003889,y.rep[285],0.4226943645274949,0.043664121405468055,0.33691413704217255,0.507561962781106,0.425531914893617,5-6-29
2025-07-01,5,2.43,0.6314,0.707,0.6314,0,NA,-1.85,0.0756,6,Fresh - Wet paper towel,-2.35,0.0800000000000001,29,0.3873,0.630260779757294,0.908009466384012,9,0.0322227033011067,0.725131435279042,TRUE,0.722549693454009,0.277450306545991,y.rep[286],0.35744844141047794,0.04263324526925149,0.27535232702108287,0.44280198845920726,0.4115226337448559,5-6-29
2025-07-01,5,2.89,0.6204,0.707,0.6204,0,NA,-1.85,0.0866,6,Fresh - Wet paper towel,-2.43,0.46,29,0.3873,0.601859024012393,0.908009466384012,9,0.0322227033011067,0.725131435279042,TRUE,0.689989076379064,0.310010923620936,y.rep[287],0.3365178466265537,0.04236081705417485,0.25358735228998897,0.41923235831341366,0.3460207612456747,5-6-29
2025-07-01,5,2.99,0.6085,0.707,0.6085,0,NA,-1.85,0.0984999999999999,6,Fresh - Wet paper towel,-2.89,0.1,29,0.3873,0.571133488252001,0.908009466384012,9,0.0322227033011067,0.725131435279042,TRUE,0.654764408816169,0.345235591183831,y.rep[288],0.31351161702422725,0.04234838596491408,0.231598989305809,0.39766579658426415,0.33444816053511706,5-6-29
2025-07-01,5,4.18,0.5907,0.707,0.5907,0,"piece probably fell off, was included",-1.85,0.1163,6,Fresh - Wet paper towel,-2.99,1.19,29,0.3873,0.525174283501162,0.908009466384012,9,0.0322227033011067,0.725131435279042,TRUE,0.602075410276712,0.397924589723288,y.rep[289],0.2798936207426544,0.04212587303401624,0.19687007435284157,0.36172401551632083,0.23923444976076558,5-6-29
2025-07-01,5,4.82,0.562,0.707,0.562,0,NA,-1.85,0.145,6,Fresh - Wet paper towel,-4.18,0.640000000000001,29,0.3873,0.451071520784921,0.908009466384012,9,0.0322227033011067,0.725131435279042,TRUE,0.517121800272083,0.482878199727917,y.rep[290],0.22523132603728446,0.04258320132669805,0.14237539369368138,0.3088469449893851,0.20746887966804978,5-6-29
2025-07-01,5,5.38,0.5501,0.707,0.5501,0,NA,-1.85,0.1569,6,Fresh - Wet paper towel,-4.82,0.56,29,0.3873,0.420345985024529,0.908009466384012,9,0.0322227033011067,0.725131435279042,TRUE,0.481897132709188,0.518102867290812,y.rep[291],0.2027158590256395,0.042736392165061206,0.11975787029947718,0.2869690714550608,0.1858736059479554,5-6-29
2025-07-01,5,6.59,0.5246,0.707,0.5246,0,NA,-1.85,0.1824,6,Fresh - Wet paper towel,-5.38,1.21,29,0.3873,0.354505551252259,0.908009466384012,9,0.0322227033011067,0.725131435279042,TRUE,0.406415702217269,0.593584297782731,y.rep[292],0.15423828851731786,0.04389761064836975,0.06870485142350852,0.24019517194328782,0.15174506828528073,5-6-29
2025-07-01,69,0.6,0.2288,0.2288,0.2288,0,NA,-0.6,0,6,Rehydrated,NA,NA,30,0.0896,1.55357142857143,0.981800774569879,13,0.017178841455106,0.240151734457652,TRUE,0.924599112069049,0.075400887930951,y.rep[293],1.484997852282808,0.04800180964297372,1.3887637356439022,1.576680542281345,1.6666666666666667,69-6-30
2025-07-01,69,0.72,0.2282,0.2288,0.2282,0,NA,-0.6,6.0000000000001e-4,6,Rehydrated,-0.6,0.12,30,0.0896,1.546875,0.981800774569879,13,0.017178841455106,0.240151734457652,TRUE,0.920613771068751,0.0793862289312486,y.rep[294],1.4399836001722104,0.04682985411297896,1.3440494117714337,1.528808933730967,1.3888888888888888,69-6-30
2025-07-01,69,0.9,0.2243,0.2288,0.2243,0,NA,-0.6,0.0045,6,Rehydrated,-0.72,0.18,30,0.0896,1.50334821428571,0.981800774569879,13,0.017178841455106,0.240151734457652,TRUE,0.894709054566817,0.105290945433183,y.rep[295],1.1773182584876032,0.04310612624452684,1.09250816678045,1.2609586520460165,1.1111111111111112,69-6-30
2025-07-01,69,1.03,0.2226,0.2288,0.2226,0,NA,-0.6,0.00620000000000001,6,Rehydrated,-0.9,0.13,30,0.0896,1.484375,0.981800774569879,13,0.017178841455106,0.240151734457652,TRUE,0.883417255065974,0.116582744934026,y.rep[296],1.0785281002784848,0.0428199372475533,0.9950333148138373,1.1636279511352592,0.970873786407767,69-6-30
2025-07-01,69,1.15,0.2207,0.2288,0.2207,0,NA,-0.6,0.00809999999999999,6,Rehydrated,-1.03,0.12,30,0.0896,1.46316964285714,0.981800774569879,13,0.017178841455106,0.240151734457652,TRUE,0.870797008565031,0.129202991434969,y.rep[297],0.9776806801498444,0.04259985159927603,0.8953361585598049,1.0624030745841802,0.8695652173913044,69-6-30
2025-07-01,69,1.34,0.2119,0.2288,0.2119,0,NA,-0.6,0.0169,6,Rehydrated,-1.15,0.19,30,0.0896,1.36495535714286,0.981800774569879,13,0.017178841455106,0.240151734457652,TRUE,0.812345340560666,0.187654659439334,y.rep[298],0.6213607589461438,0.045081913157311235,0.5299168542006302,0.7075661253730624,0.7462686567164178,69-6-30
2025-07-01,69,1.7,0.2095,0.2288,0.2095,0,NA,-0.6,0.0193,6,Rehydrated,-1.34,0.36,30,0.0896,1.33816964285714,0.981800774569879,13,0.017178841455106,0.240151734457652,TRUE,0.796403976559475,0.203596023440525,y.rep[299],0.5491787292469312,0.045441430415912976,0.46184075531700886,0.6403472701155881,0.5882352941176471,69-6-30
2025-07-01,69,2.03,0.2066,0.2288,0.2066,0,NA,-0.6,0.0222,6,Rehydrated,-1.7,0.33,30,0.0896,1.30580357142857,0.981800774569879,13,0.017178841455106,0.240151734457652,TRUE,0.777141495058037,0.222858504941963,y.rep[300],0.47302939236572045,0.045183534042158836,0.3872008317443331,0.5637655744385838,0.4926108374384237,69-6-30
2025-07-01,69,2.42,0.2026,0.2288,0.2026,0,NA,-0.6,0.0262,6,Rehydrated,-2.03,0.39,30,0.0896,1.26116071428571,0.981800774569879,13,0.017178841455106,0.240151734457652,TRUE,0.750572555056053,0.249427444943947,y.rep[301],0.40004359841586207,0.04345127175016854,0.31369419948548516,0.4837156161920636,0.4132231404958678,69-6-30
2025-07-01,69,2.7,0.1977,0.2288,0.1977,0,NA,-0.6,0.0311,6,Rehydrated,-2.42,0.28,30,0.0896,1.20647321428571,0.981800774569879,13,0.017178841455106,0.240151734457652,TRUE,0.718025603553622,0.281974396446378,y.rep[302],0.36972846052740904,0.0449574153793309,0.28288603550226943,0.45936542669419844,0.37037037037037035,69-6-30
2025-07-01,69,3.4,0.1869,0.2288,0.1869,0,NA,-0.6,0.0419,6,Rehydrated,-2.7,0.7,30,0.0896,1.0859375,0.981800774569879,13,0.017178841455106,0.240151734457652,TRUE,0.646289465548265,0.353710534451735,y.rep[303],0.3255191428625232,0.044572310896611435,0.2377605605144044,0.4129126381715416,0.29411764705882354,69-6-30
2025-07-01,69,3.62,0.1743,0.2288,0.1743,0,NA,-0.6,0.0545,6,Rehydrated,-3.4,0.22,30,0.0896,0.9453125,0.981800774569879,13,0.017178841455106,0.240151734457652,TRUE,0.562597304542015,0.437402695457985,y.rep[304],0.27415395253628855,0.04474602494097268,0.18663697983565208,0.3616997247695856,0.27624309392265195,69-6-30
2025-07-01,69,5.02,0.1504,0.2288,0.1504,0,NA,-0.6,0.0784,6,Rehydrated,-3.62,1.4,30,0.0896,0.678571428571429,0.981800774569879,13,0.017178841455106,0.240151734457652,TRUE,0.403847888030159,0.596152111969841,y.rep[305],0.17637882896280102,0.04572796549159511,0.0851531961851815,0.2642900710142125,0.19920318725099603,69-6-30
2025-07-08,101,2.68,0.3659,0.3706,0.3659,0,NA,-2.62,0.00469999999999998,7,Fresh,NA,NA,31,0.1841,0.987506789788158,0.999752689820224,3,0.0145140032948933,0.40483574958814,TRUE,0.823609226594297,0.176390773405703,y.rep[306],0.3648696167995767,0.049796513967362524,0.26988744415805266,0.46273554073182754,0.3731343283582089,101-7-31
2025-07-08,101,2.88,0.3631,0.3706,0.3631,0,NA,-2.62,0.0075,7,Fresh,-2.68,0.2,31,0.1841,0.972297664312873,0.999752689820224,3,0.0145140032948933,0.40483574958814,TRUE,0.810924376019687,0.189075623980313,y.rep[307],0.3421985779688821,0.04486130026118529,0.25450200194206585,0.43083447539536646,0.3472222222222222,101-7-31
2025-07-08,101,3.17,0.3588,0.3706,0.3588,0,NA,-2.62,0.0118,7,Fresh,-2.88,0.29,31,0.1841,0.948940793047257,0.999752689820224,3,0.0145140032948933,0.40483574958814,TRUE,0.791444069780108,0.208555930219892,y.rep[308],0.3186227230916694,0.04305676969939574,0.23461869091325646,0.4030553803877382,0.31545741324921134,101-7-31
2025-07-08,101,3.33,0.3523,0.3706,0.3523,0,NA,-2.62,0.0183,7,Fresh,-3.17,0.16,31,0.1841,0.913633894622488,0.999752689820224,3,0.0145140032948933,0.40483574958814,FALSE,0.761997095231907,0.238002904768093,y.rep[309],0.29632756638714963,0.043141684806962496,0.2109052113661956,0.3799121333706799,0.3003003003003003,101-7-31
2025-07-08,101,3.69,0.3457,0.3706,0.3457,0,NA,-2.62,0.0249,7,Fresh,-3.33,0.36,31,0.1841,0.87778381314503,0.999752689820224,3,0.0145140032948933,0.40483574958814,FALSE,0.732097090306042,0.267902909693958,y.rep[310],0.2770975886394584,0.043291172695872814,0.19165573877582176,0.3619312693697082,0.2710027100271003,101-7-31
2025-07-08,101,4.36,0.3336,0.3706,0.3336,0,NA,-2.62,0.037,7,Fresh,-3.69,0.67,31,0.1841,0.81205866376969,0.999752689820224,3,0.0145140032948933,0.40483574958814,FALSE,0.677280414608621,0.322719585391379,y.rep[311],0.24270724843848637,0.0434076058853289,0.15764766293067173,0.32820376200160867,0.2293577981651376,101-7-31
2025-07-08,101,4.76,0.3253,0.3706,0.3253,0,NA,-2.62,0.0453,7,Fresh,-4.36,0.399999999999999,31,0.1841,0.766974470396523,0.999752689820224,3,0.0145140032948933,0.40483574958814,FALSE,0.639678893262457,0.360321106737543,y.rep[312],0.21954539635060488,0.04359113761061331,0.1352539659049489,0.3061072175927355,0.21008403361344538,101-7-31
2025-07-08,101,6.17,0.2982,0.3706,0.2982,0,NA,-2.62,0.0724,7,Fresh,-4.76,1.41,31,0.1841,0.619771863117871,0.999752689820224,3,0.0145140032948933,0.40483574958814,FALSE,0.516907660915343,0.483092339084657,y.rep[313],0.14311334735952028,0.044568342483078185,0.056047341595516,0.23066417620962715,0.1620745542949757,101-7-31
2025-07-08,51,2.99,0.4358,0.4557,0.4358,0,NA,-2.78,0.0199,7,Fresh,NA,NA,32,0.2356,0.84974533106961,0.995837055777774,8,0.0228471890628534,0.504612020306099,TRUE,0.74420466331653,0.25579533668347,y.rep[314],0.32096558079609927,0.04448342007700557,0.23174541549006103,0.40545322374539117,0.33444816053511706,51-7-32
2025-07-08,51,3.12,0.4325,0.4557,0.4325,0,NA,-2.78,0.0232,7,Fresh,-2.99,0.13,32,0.2356,0.835738539898132,0.995837055777774,8,0.0228471890628534,0.504612020306099,TRUE,0.731937553481642,0.268062446518358,y.rep[315],0.3100268774799902,0.042786577524787886,0.22442916363060095,0.39259340185902436,0.3205128205128205,51-7-32
2025-07-08,51,3.26,0.4298,0.4557,0.4298,0,NA,-2.78,0.0259,7,Fresh,-3.12,0.14,32,0.2356,0.82427843803056,0.995837055777774,8,0.0228471890628534,0.504612020306099,TRUE,0.721900827253097,0.278099172746903,y.rep[316],0.30194506334871346,0.04262433869465361,0.21743976475057347,0.3837872792173674,0.3067484662576687,51-7-32
2025-07-08,51,3.37,0.4265,0.4557,0.4265,0,NA,-2.78,0.0292,7,Fresh,-3.26,0.11,32,0.2356,0.810271646859083,0.995837055777774,8,0.0228471890628534,0.504612020306099,TRUE,0.709633717418209,0.290366282581791,y.rep[317],0.293434544087872,0.04256348645429114,0.21046129805915442,0.37673720142826217,0.29673590504451036,51-7-32
2025-07-08,51,3.91,0.4179,0.4557,0.4179,0,NA,-2.78,0.0378,7,Fresh,-3.37,0.54,32,0.2356,0.773769100169779,0.995837055777774,8,0.0228471890628534,0.504612020306099,TRUE,0.677664885727289,0.322335114272711,y.rep[318],0.27237429705571253,0.042859874438635884,0.18757976914836788,0.35527508837764826,0.2557544757033248,51-7-32
2025-07-08,51,4.46,0.4051,0.4557,0.4051,0,NA,-2.78,0.0506,7,Fresh,-3.91,0.55,32,0.2356,0.719439728353141,0.995837055777774,8,0.0228471890628534,0.504612020306099,TRUE,0.630083368791967,0.369916631208033,y.rep[319],0.24252807556093017,0.04263230060147922,0.15856141632611082,0.32543246544063414,0.2242152466367713,51-7-32
2025-07-08,51,4.74,0.3951,0.4557,0.3951,0,NA,-2.78,0.0606,7,Fresh,-4.46,0.28,32,0.2356,0.676994906621392,0.995837055777774,8,0.0228471890628534,0.504612020306099,TRUE,0.592910308686246,0.407089691313754,y.rep[320],0.21910413287920458,0.04285796402146547,0.1355604390010467,0.30360337133558407,0.21097046413502107,51-7-32
2025-07-08,51,6.11,0.364,0.4557,0.364,0,NA,-2.78,0.0917,7,Fresh,-4.74,1.37,32,0.2356,0.544991511035654,0.995837055777774,8,0.0228471890628534,0.504612020306099,TRUE,0.477302091757454,0.522697908242546,y.rep[321],0.14704353542646517,0.04391918981920396,0.06211487349423213,0.23275883373192446,0.1636661211129296,51-7-32
2025-07-08,56,0.9,0.411,0.411,0.411,0,"pv(""86"", plotonly = TRUE)",-0.9,0,7,Rehydrated,NA,NA,33,0.1817,1.26197028068244,0.980530235597673,3,0.00721271393643056,0.41758533007335,TRUE,0.972082494187739,0.0279175058122614,y.rep[322],0.9951143087849913,0.049704284814743184,0.897447886730447,1.0923082990037725,1.1111111111111112,56-7-33
2025-07-08,56,1.2,0.4092,0.411,0.4092,0,NA,-0.9,0.00179999999999996,7,Rehydrated,-0.9,0.3,33,0.1817,1.25206384149697,0.980530235597673,3,0.00721271393643056,0.41758533007335,TRUE,0.964451667805105,0.0355483321948951,y.rep[323],0.903719691552895,0.04567608287242974,0.8143060575940753,0.9932147131691953,0.8333333333333334,56-7-33
2025-07-08,56,1.36,0.4076,0.411,0.4076,0,NA,-0.9,0.00339999999999995,7,Rehydrated,-1.2,0.16,33,0.1817,1.24325811777655,0.980530235597673,3,0.00721271393643056,0.41758533007335,TRUE,0.957668711020542,0.0423312889794584,y.rep[324],0.8299089259907352,0.043900973953730535,0.7425838226525939,0.9153472765202672,0.7352941176470588,56-7-33
2025-07-08,56,1.55,0.402,0.411,0.402,0,NA,-0.9,0.00899999999999995,7,Rehydrated,-1.36,0.19,33,0.1817,1.21243808475509,0.980530235597673,3,0.00721271393643056,0.41758533007335,FALSE,0.93392836227457,0.0660716377254301,y.rep[325],0.6160637674037238,0.046281547463154125,0.5248669355936479,0.7063624159816401,0.6451612903225806,56-7-33
2025-07-08,56,1.83,0.3992,0.411,0.3992,0,NA,-0.9,0.0118,7,Rehydrated,-1.55,0.28,33,0.1817,1.19702806824436,0.980530235597673,3,0.00721271393643056,0.41758533007335,FALSE,0.922058187901584,0.0779418120984162,y.rep[326],0.5311108147622364,0.048788653541981676,0.4373110225569349,0.6285068410750648,0.5464480874316939,56-7-33
2025-07-08,56,2.53,0.3924,0.411,0.3924,0,NA,-0.9,0.0185999999999999,7,Rehydrated,-1.83,0.7,33,0.1817,1.15960374243258,0.980530235597673,3,0.00721271393643056,0.41758533007335,FALSE,0.89323062156719,0.10676937843281,y.rep[327],0.396783006111934,0.043789066093372096,0.31218632167927046,0.48390804316012326,0.3952569169960475,56-7-33
2025-07-08,56,2.65,0.3878,0.411,0.3878,0,NA,-0.9,0.0232,7,Rehydrated,-2.53,0.12,33,0.1817,1.13428728673638,0.980530235597673,3,0.00721271393643056,0.41758533007335,FALSE,0.87372962081157,0.12627037918843,y.rep[328],0.3768981025093177,0.04326621273163591,0.28951637648098344,0.4599035080692301,0.37735849056603776,56-7-33
2025-07-08,56,2.8,0.3807,0.411,0.3807,0,NA,-0.9,0.0303,7,Rehydrated,-2.65,0.15,33,0.1817,1.09521188772702,0.980530235597673,3,0.00721271393643056,0.41758533007335,FALSE,0.84363025008007,0.15636974991993,y.rep[329],0.35824650112307677,0.0431671174240436,0.2735091740101407,0.44293747902747804,0.35714285714285715,56-7-33
2025-07-08,56,3.13,0.3661,0.411,0.3661,0,NA,-0.9,0.0449,7,Rehydrated,-2.8,0.33,33,0.1817,1.01485965877821,0.980530235597673,3,0.00721271393643056,0.41758533007335,FALSE,0.781735769420929,0.218264230579071,y.rep[330],0.31988687032333907,0.042768063058004194,0.2367138155188161,0.40382759211150865,0.3194888178913738,56-7-33
2025-07-08,56,3.41,0.3566,0.411,0.3566,0,NA,-0.9,0.0544,7,Rehydrated,-3.13,0.28,33,0.1817,0.962575674188222,0.980530235597673,3,0.00721271393643056,0.41758533007335,FALSE,0.741461963512584,0.258538036487416,y.rep[331],0.2955722079687559,0.042818764306230765,0.21035896797924047,0.3783765387222318,0.29325513196480935,56-7-33
2025-07-08,56,3.65,0.3486,0.411,0.3486,0,NA,-0.9,0.0623999999999999,7,Rehydrated,-3.41,0.24,33,0.1817,0.918547055586131,0.980530235597673,3,0.00721271393643056,0.41758533007335,FALSE,0.707547179589767,0.292452820410233,y.rep[332],0.27440182838834204,0.042815187607347586,0.18931335491359477,0.3573914591716494,0.273972602739726,56-7-33
2025-07-08,56,5.07,0.3132,0.411,0.3132,0,NA,-0.9,0.0978,7,Rehydrated,-3.65,1.42,33,0.1817,0.723720418271877,0.980530235597673,3,0.00721271393643056,0.41758533007335,FALSE,0.557474260731302,0.442525739268698,y.rep[333],0.18221710944287292,0.0447868938966484,0.09588519445534356,0.2712122104884556,0.1972386587771203,56-7-33
2025-07-08,86,1.25,0.6365,0.6365,0.6365,0,NA,-1.25,0,7,Rehydrated,NA,NA,34,0.2718,1.34179543782193,0.992115926810082,6,0.0236782319391636,0.667007400190114,TRUE,0.922806606922242,0.0771933930777583,y.rep[334],0.7650120174455427,0.04839906850461609,0.6696274688086521,0.8592742336622723,0.8,86-7-34
2025-07-08,86,1.4,0.6346,0.6365,0.6346,0,NA,-1.25,0.0018999999999999,7,Rehydrated,-1.25,0.15,34,0.2718,1.33480500367918,0.992115926810082,6,0.0236782319391636,0.667007400190114,TRUE,0.917999004637755,0.0820009953622447,y.rep[335],0.728391519891916,0.045835034675178146,0.6388076153716042,0.8182351110930968,0.7142857142857143,86-7-34
2025-07-08,86,1.6,0.6302,0.6365,0.6302,0,NA,-1.25,0.00629999999999997,7,Rehydrated,-1.4,0.2,34,0.2718,1.31861662987491,0.992115926810082,6,0.0236782319391636,0.667007400190114,TRUE,0.906865609873681,0.0931343901263191,y.rep[336],0.6506822204792267,0.043937982359694795,0.5651995162159573,0.737895504678626,0.625,86-7-34
2025-07-08,86,1.7,0.626,0.6365,0.626,0,NA,-1.25,0.0105,7,Rehydrated,-1.6,0.0999999999999999,34,0.2718,1.30316409124356,0.992115926810082,6,0.0236782319391636,0.667007400190114,TRUE,0.896238278507974,0.103761721492026,y.rep[337],0.5845943949522352,0.0453863017119142,0.4951924047233123,0.6745870690537581,0.5882352941176471,86-7-34
2025-07-08,86,1.95,0.6208,0.6365,0.6208,0,NA,-1.25,0.0156999999999999,7,Rehydrated,-1.7,0.25,34,0.2718,1.28403237674761,0.992115926810082,6,0.0236782319391636,0.667007400190114,TRUE,0.883080630150432,0.116919369849568,y.rep[338],0.5127253111104934,0.047666369766484314,0.42178734859600553,0.6081130186646521,0.5128205128205129,86-7-34
2025-07-08,86,2.28,0.6129,0.6365,0.6129,0,NA,-1.25,0.0236,7,Rehydrated,-1.95,0.33,34,0.2718,1.25496688741722,0.992115926810082,6,0.0236782319391636,0.667007400190114,TRUE,0.863091125914935,0.136908874085065,y.rep[339],0.4430458267091811,0.04358387601523763,0.35897734177807283,0.5298980237722262,0.4385964912280702,86-7-34
2025-07-08,86,2.35,0.6042,0.6365,0.6042,0,NA,-1.25,0.0323,7,Rehydrated,-2.28,0.0700000000000003,34,0.2718,1.22295805739514,0.992115926810082,6,0.0236782319391636,0.667007400190114,FALSE,0.84107736808597,0.15892263191403,y.rep[340],0.4194017014614417,0.043147200574346324,0.33530353053182643,0.5035883599817261,0.425531914893617,86-7-34
2025-07-08,86,2.49,0.5951,0.6365,0.5951,0,NA,-1.25,0.0414,7,Rehydrated,-2.35,0.14,34,0.2718,1.18947755702723,0.992115926810082,6,0.0236782319391636,0.667007400190114,FALSE,0.818051483460271,0.181948516539729,y.rep[341],0.40430382952711386,0.04295460503147599,0.3210292864476569,0.4891049231917541,0.4016064257028112,86-7-34
2025-07-08,86,2.73,0.581,0.6365,0.581,0,NA,-1.25,0.0555,7,Rehydrated,-2.49,0.24,34,0.2718,1.13760117733628,0.992115926810082,6,0.0236782319391636,0.667007400190114,FALSE,0.782374013875397,0.217625986124603,y.rep[342],0.3824015206647666,0.042858215681029536,0.2972537874480857,0.46565951684688983,0.3663003663003663,86-7-34
2025-07-08,86,2.96,0.5557,0.6365,0.5557,0,NA,-1.25,0.0808,7,Rehydrated,-2.73,0.23,34,0.2718,1.04451802796174,0.992115926810082,6,0.0236782319391636,0.667007400190114,FALSE,0.71835699398197,0.28164300601803,y.rep[343],0.34377011485495457,0.04265184460830698,0.2611200741843955,0.4287754680203632,0.33783783783783783,86-7-34
2025-07-08,86,3.22,0.5286,0.6365,0.5286,0,NA,-1.25,0.1079,7,Rehydrated,-2.96,0.26,34,0.2718,0.944812362030905,0.992115926810082,6,0.0236782319391636,0.667007400190114,FALSE,0.64978540350324,0.35021459649676,y.rep[344],0.3015884523559057,0.04266520032144497,0.21885929404697838,0.385356434690219,0.3105590062111801,86-7-34
2025-07-08,86,3.47,0.5129,0.6365,0.5129,0,NA,-1.25,0.1236,7,Rehydrated,-3.22,0.25,34,0.2718,0.887049300956586,0.992115926810082,6,0.0236782319391636,0.667007400190114,FALSE,0.61005942673143,0.38994057326857,y.rep[345],0.2768326107615992,0.04290872005004648,0.19234497210151408,0.3603699359780324,0.2881844380403458,86-7-34
2025-07-08,86,4.76,0.4653,0.6365,0.4653,0,NA,-1.25,0.1712,7,Rehydrated,-3.47,1.29,34,0.2718,0.711920529801325,0.992115926810082,6,0.0236782319391636,0.667007400190114,FALSE,0.489616337920082,0.510383662079918,y.rep[346],0.20293217557109428,0.044134144108107044,0.11579259340492579,0.2887586038239331,0.21008403361344538,86-7-34
2025-07-08,90,1.8,0.3522,0.368,0.3522,0,NA,-1.6,0.0158,7,Fresh,NA,NA,35,0.1753,1.00912721049629,0.99713212339854,10,0.0184440086751866,0.386990313157302,TRUE,0.835654675745837,0.164345324254163,y.rep[347],0.5444299746778203,0.04980364634771831,0.44691320436259085,0.6413567392628652,0.5555555555555556,90-7-35
2025-07-08,90,2.2,0.3477,0.368,0.3477,0,NA,-1.6,0.0203,7,Fresh,-1.8,0.4,35,0.1753,0.983456930975471,0.99713212339854,10,0.0184440086751866,0.386990313157302,TRUE,0.81439720801912,0.18560279198088,y.rep[348],0.4653914852998301,0.04658165923810138,0.3743850418097268,0.5568350866203565,0.45454545454545453,90-7-35
2025-07-08,90,2.4,0.3445,0.368,0.3445,0,NA,-1.6,0.0235,7,Fresh,-2.2,0.2,35,0.1753,0.965202509982886,0.99713212339854,10,0.0184440086751866,0.386990313157302,TRUE,0.799280786524565,0.200719213475435,y.rep[349],0.417630492853343,0.04709458729686643,0.3260076841500472,0.5107824862491448,0.4166666666666667,90-7-35
2025-07-08,90,2.71,0.3366,0.368,0.3366,0,NA,-1.6,0.0314,7,Fresh,-2.4,0.31,35,0.1753,0.920136908157444,0.99713212339854,10,0.0184440086751866,0.386990313157302,TRUE,0.761962120959884,0.238037879040116,y.rep[350],0.346676543183134,0.04380447933587565,0.2605302630985797,0.4328709355547275,0.36900369003690037,90-7-35
2025-07-08,90,2.93,0.332,0.368,0.332,0,NA,-1.6,0.036,7,Fresh,-2.71,0.22,35,0.1753,0.893896177980605,0.99713212339854,10,0.0184440086751866,0.386990313157302,TRUE,0.740232265061462,0.259767734938538,y.rep[351],0.3265629904592626,0.04321788141916164,0.242093353477987,0.41023824186276103,0.341296928327645,90-7-35
2025-07-08,90,3.18,0.3284,0.368,0.3284,0,NA,-1.6,0.0396,7,Fresh,-2.93,0.25,35,0.1753,0.873359954363948,0.99713212339854,10,0.0184440086751866,0.386990313157302,TRUE,0.723226290880088,0.276773709119912,y.rep[352],0.3136504142746722,0.043179503524390005,0.23050106181793517,0.3990956182166315,0.31446540880503143,90-7-35
2025-07-08,90,3.5,0.3225,0.368,0.3225,0,NA,-1.6,0.0455,7,Fresh,-3.18,0.32,35,0.1753,0.83970336565887,0.99713212339854,10,0.0184440086751866,0.386990313157302,TRUE,0.695355388749504,0.304644611250496,y.rep[353],0.29509807903253293,0.04348341602113722,0.2099350439357202,0.3801659980493465,0.2857142857142857,90-7-35
2025-07-08,90,4.19,0.3112,0.368,0.3112,0,NA,-1.6,0.0568,7,Fresh,-3.5,0.69,35,0.1753,0.775242441528808,0.99713212339854,10,0.0184440086751866,0.386990313157302,TRUE,0.641975525346858,0.358024474653142,y.rep[354],0.2611543708192626,0.043499440050565094,0.17398152182083643,0.3446686291336,0.2386634844868735,90-7-35
2025-07-08,90,4.45,0.3028,0.368,0.3028,0,NA,-1.6,0.0652,7,Fresh,-4.19,0.26,35,0.1753,0.727324586423274,0.99713212339854,10,0.0184440086751866,0.386990313157302,TRUE,0.60229491892365306,0.397705081076347,y.rep[355],0.23625992421503741,0.04340663940654198,0.15084748577466062,0.3197454578744081,0.2247191011235955,90-7-35
2025-07-08,90,6.25,0.2721,0.368,0.2721,0,NA,-1.6,0.0959,7,Fresh,-4.45,1.8,35,0.1753,0.55219623502567,0.99713212339854,10,0.0184440086751866,0.386990313157302,TRUE,0.457271750210271,0.542728249789729,y.rep[356],0.14570782286133777,0.044982145151875486,0.05621835124775193,0.23264893464771083,0.16,90-7-35
2025-07-08,91,1.16,0.3411,0.3411,0.3411,0,NA,-1.16,0,7,Rehydrated,NA,NA,36,0.1604,1.12655860349127,0.989976674977246,7,0.0101061030370334,0.353028651441263,TRUE,0.938074365614814,0.0619256343851857,y.rep[357],0.8439880789345289,0.051220225383370295,0.7447706037866497,0.9444232044596833,0.8620689655172414,91-7-36
2025-07-08,91,1.3,0.3392,0.3411,0.3392,0,NA,-1.16,0.00190000000000001,7,Rehydrated,-1.16,0.14,36,0.1604,1.11471321695761,0.989976674977246,7,0.0101061030370334,0.353028651441263,TRUE,0.928210827736186,0.0717891722638142,y.rep[358],0.7437176389229867,0.04523180000708171,0.6548502771892771,0.831604589404968,0.7692307692307692,91-7-36
2025-07-08,91,1.56,0.3371,0.3411,0.3371,0,NA,-1.16,0.004,7,Rehydrated,-1.3,0.26,36,0.1604,1.10162094763092,0.989976674977246,7,0.0101061030370334,0.353028651441263,TRUE,0.917309022712439,0.082690977287561293,y.rep[359],0.6472002519250246,0.044167013984032895,0.5584288699089502,0.7322107650476127,0.641025641025641,91-7-36
2025-07-08,91,1.76,0.3364,0.3411,0.3364,0,NA,-1.16,0.00470000000000003,7,Rehydrated,-1.56,0.2,36,0.1604,1.09725685785536,0.989976674977246,7,0.0101061030370334,0.353028651441263,TRUE,0.913675087704523,0.0863249122954771,y.rep[360],0.6178695095483416,0.04448139657911524,0.5290682845656305,0.703685905485746,0.5681818181818182,91-7-36
2025-07-08,91,2.04,0.3328,0.3411,0.3328,0,NA,-1.16,0.00830000000000003,7,Rehydrated,-1.76,0.28,36,0.1604,1.07481296758105,0.989976674977246,7,0.0101061030370334,0.353028651441263,TRUE,0.894986279092385,0.105013720907615,y.rep[361],0.48768343906868383,0.048927971596556326,0.3921251704044927,0.5833317207317064,0.49019607843137253,91-7-36
2025-07-08,91,2.52,0.3277,0.3411,0.3277,0,NA,-1.16,0.0134,7,Rehydrated,-2.04,0.48,36,0.1604,1.0430174563591,0.989976674977246,7,0.0101061030370334,0.353028651441263,TRUE,0.868510466891856,0.131489533108144,y.rep[362],0.3898389307039832,0.04331585952140354,0.3055751144579038,0.47578508903651845,0.3968253968253968,91-7-36
2025-07-08,91,2.86,0.3235,0.3411,0.3235,0,NA,-1.16,0.0176,7,Rehydrated,-2.52,0.34,36,0.1604,1.01683291770574,0.989976674977246,7,0.0101061030370334,0.353028651441263,TRUE,0.846706856844362,0.153293143155638,y.rep[363],0.37243531044893996,0.04276583825404142,0.2878484168974054,0.4555263614743747,0.3496503496503497,91-7-36
2025-07-08,91,2.99,0.3181,0.3411,0.3181,0,NA,-1.16,0.023,7,Rehydrated,-2.86,0.13,36,0.1604,0.983167082294264,0.989976674977246,7,0.0101061030370334,0.353028651441263,FALSE,0.818673643926155,0.181326356073845,y.rep[364],0.35593345236929924,0.04251769114547937,0.27007870833256353,0.4364544559168007,0.33444816053511706,91-7-36
2025-07-08,91,3.16,0.3131,0.3411,0.3131,0,NA,-1.16,0.028,7,Rehydrated,-2.99,0.17,36,0.1604,0.951995012468828,0.989976674977246,7,0.0101061030370334,0.353028651441263,FALSE,0.792716965298185,0.207283034701815,y.rep[365],0.340738974361901,0.0425428683340319,0.2548629168230863,0.42145861542835494,0.3164556962025316,91-7-36
2025-07-08,91,3.24,0.3063,0.3411,0.3063,0,NA,-1.16,0.0348,7,Rehydrated,-3.16,0.0800000000000001,36,0.1604,0.909600997506235,0.989976674977246,7,0.0101061030370334,0.353028651441263,FALSE,0.757415882364147,0.242584117635853,y.rep[366],0.31992908129597275,0.04237084320930154,0.23817018024072478,0.40417119114704875,0.30864197530864196,91-7-36
2025-07-08,91,3.47,0.2923,0.3411,0.2923,0,NA,-1.16,0.0488,7,Rehydrated,-3.24,0.23,36,0.1604,0.822319201995013,0.989976674977246,7,0.0101061030370334,0.353028651441263,FALSE,0.684737182205833,0.315262817794167,y.rep[367],0.2766304441291421,0.04200424427806331,0.19466084683853357,0.35926124030438883,0.2881844380403458,91-7-36
2025-07-08,91,3.85,0.281,0.3411,0.281,0,NA,-1.16,0.0601,7,Rehydrated,-3.47,0.38,36,0.1604,0.751870324189526,0.989976674977246,7,0.0101061030370334,0.353028651441263,FALSE,0.626075088506622,0.373924911493378,y.rep[368],0.2421643896669902,0.042453507406117454,0.15908691720305435,0.3252686116254146,0.2597402597402597,91-7-36
2025-07-08,91,4.08,0.2735,0.3411,0.2735,0,NA,-1.16,0.0676,7,Rehydrated,-3.85,0.23,36,0.1604,0.705112219451372,0.989976674977246,7,0.0101061030370334,0.353028651441263,FALSE,0.587140070564668,0.412859929435332,y.rep[369],0.21925615486993918,0.04280299201936315,0.1343913019815779,0.30258688191464866,0.24509803921568626,91-7-36
2025-07-08,91,5.79,0.2496,0.3411,0.2496,0,NA,-1.16,0.0915,7,Rehydrated,-4.08,1.71,36,0.1604,0.556109725685786,0.989976674977246,7,0.0101061030370334,0.353028651441263,FALSE,0.463067146722974,0.536932853277026,y.rep[370],0.14610891174436103,0.04460767115072819,0.059206666357878295,0.23351585164389338,0.17271157167530224,91-7-36
2025-07-15,122,1.49,0.5625,0.573,0.5625,0,NA,-1.38,0.0105,8,Fresh,NA,NA,37,0.2758,1.03952139231327,0.962137898151375,3,0.0135072161987508,0.581109696991456,TRUE,0.939046492218108,0.0609535077818922,y.rep[371],0.6793578757061131,0.05429979952513589,0.5742619195938623,0.7856282518552977,0.6711409395973155,122-8-37
2025-07-15,122,1.82,0.5545,0.573,0.5545,0,NA,-1.38,0.0185,8,Fresh,-1.49,0.33,37,0.2758,1.01051486584482,0.962137898151375,3,0.0135072161987508,0.581109696991456,TRUE,0.912843590447111,0.0871564095528894,y.rep[372],0.5277392178045445,0.04731356079498768,0.434466518109208,0.6196920879116051,0.5494505494505494,122-8-37
2025-07-15,122,2.8,0.5438,0.573,0.5438,0,NA,-1.38,0.0292,8,Fresh,-1.82,0.98,37,0.2758,0.971718636693256,0.962137898151375,3,0.0135072161987508,0.581109696991456,TRUE,0.877797209328402,0.122202790671598,y.rep[373],0.3860919358561222,0.04803921648638981,0.2930103149828237,0.48075918047053084,0.35714285714285715,122-8-37
2025-07-15,122,2.91,0.5356,0.573,0.5356,0,NA,-1.38,0.0374,8,Fresh,-2.8,0.11,37,0.2758,0.941986947063089,0.962137898151375,3,0.0135072161987508,0.581109696991456,FALSE,0.85093923501313,0.14906076498687,y.rep[374],0.342649443604108,0.04323705277100226,0.2556753975962096,0.42537820324003567,0.3436426116838488,122-8-37
2025-07-15,122,3.03,0.5316,0.573,0.5316,0,NA,-1.38,0.0414,8,Fresh,-2.91,0.12,37,0.2758,0.927483683828861,0.962137898151375,3,0.0135072161987508,0.581109696991456,FALSE,0.837837784127631,0.162162215872369,y.rep[375],0.3322542293576662,0.04313082581862946,0.2482947564710738,0.4165832526836776,0.33003300330033003,122-8-37
2025-07-15,122,3.14,0.5229,0.573,0.5229,0,NA,-1.38,0.0500999999999999,8,Fresh,-3.03,0.11,37,0.2758,0.895939086294416,0.962137898151375,3,0.0135072161987508,0.581109696991456,FALSE,0.809342128451672,0.190657871548328,y.rep[376],0.31344305987277227,0.04321978800579601,0.22918252864153657,0.3980709033401092,0.3184713375796178,122-8-37
2025-07-15,122,3.51,0.5114,0.573,0.5114,0,NA,-1.38,0.0616,8,Fresh,-3.14,0.37,37,0.2758,0.854242204496012,0.962137898151375,3,0.0135072161987508,0.581109696991456,FALSE,0.771675457155864,0.228324542844136,y.rep[377],0.2897386098624172,0.04315061687429213,0.20500057206651362,0.37365143282118113,0.2849002849002849,122-8-37
2025-07-15,122,3.77,0.4964,0.573,0.4964,0,NA,-1.38,0.0765999999999999,8,Fresh,-3.51,0.26,37,0.2758,0.799854967367658,0.962137898151375,3,0.0135072161987508,0.581109696991456,FALSE,0.722545016335244,0.277454983664756,y.rep[378],0.25944292217881904,0.04361057183691439,0.1733468832395786,0.3446865886965876,0.26525198938992045,122-8-37
2025-07-15,122,4.02,0.4855,0.573,0.4855,0,NA,-1.38,0.0875,8,Fresh,-3.77,0.25,37,0.2758,0.760333575054387,0.962137898151375,3,0.0135072161987508,0.581109696991456,FALSE,0.686843562672261,0.313156437327739,y.rep[379],0.23725254767885962,0.04345442671732493,0.1519142374588366,0.3222964854386972,0.24875621890547267,122-8-37
2025-07-15,16,1.27,0.2796,0.2796,0.2796,0,NA,-1.27,0,8,Rehydrated,NA,NA,38,0.1252,1.2332268370607,0.975679962705917,5,0.0141367993781847,0.299182589170049,TRUE,0.887445121586796,0.112554878413204,y.rep[380],0.7447654878075143,0.051571302983081706,0.6455935299420332,0.8483534503679474,0.7874015748031495,16-8-38
2025-07-15,16,1.64,0.277,0.2796,0.277,0,NA,-1.27,0.00259999999999999,8,Rehydrated,-1.27,0.37,38,0.1252,1.21246006389776,0.975679962705917,5,0.0141367993781847,0.299182589170049,TRUE,0.872501097518624,0.127498902481376,y.rep[381],0.6448170527143022,0.04570849945325475,0.5566434054957088,0.736491856683268,0.6097560975609756,16-8-38
2025-07-15,16,1.85,0.2742,0.2796,0.2742,0,NA,-1.27,0.00540000000000001,8,Rehydrated,-1.64,0.21,38,0.1252,1.19009584664537,0.975679962705917,5,0.0141367993781847,0.299182589170049,TRUE,0.856407533137517,0.143592466862483,y.rep[382],0.5527071720830221,0.04891193083815017,0.45502647131786206,0.6452115800726484,0.5405405405405405,16-8-38
2025-07-15,16,2.38,0.2662,0.2796,0.2662,0,NA,-1.27,0.0134,8,Rehydrated,-1.85,0.53,38,0.1252,1.12619808306709,0.975679962705917,5,0.0141367993781847,0.299182589170049,TRUE,0.810425920620066,0.189574079379934,y.rep[383],0.4111805869462584,0.04440498696205828,0.32604816565254274,0.5001176461253033,0.42016806722689076,16-8-38
2025-07-15,16,2.75,0.2591,0.2796,0.2591,0,NA,-1.27,0.0205,8,Rehydrated,-2.38,0.37,38,0.1252,1.06948881789137,0.975679962705917,5,0.0141367993781847,0.299182589170049,TRUE,0.769617239510829,0.230382760489171,y.rep[384],0.3802691542006024,0.04364176703735013,0.2942724218108096,0.46481512010074183,0.36363636363636365,16-8-38
2025-07-15,16,2.89,0.2509,0.2796,0.2509,0,NA,-1.27,0.0287,8,Rehydrated,-2.75,0.14,38,0.1252,1.00399361022364,0.975679962705917,5,0.0141367993781847,0.299182589170049,FALSE,0.722486086680442,0.277513913319558,y.rep[385],0.35098121739486754,0.04323263447224906,0.26444368766959114,0.4339688693583702,0.3460207612456747,16-8-38
2025-07-15,16,3.17,0.2404,0.2796,0.2404,0,NA,-1.27,0.0392,8,Rehydrated,-2.89,0.28,38,0.1252,0.920127795527157,0.975679962705917,5,0.0141367993781847,0.299182589170049,FALSE,0.662135220251288,0.337864779748712,y.rep[386],0.3137820051961079,0.043186710157044485,0.22818808878103297,0.3969004746248126,0.31545741324921134,16-8-38
2025-07-15,16,3.33,0.2352,0.2796,0.2352,0,NA,-1.27,0.0444,8,Rehydrated,-3.17,0.16,38,0.1252,0.878594249201278,0.975679962705917,5,0.0141367993781847,0.299182589170049,FALSE,0.632247172114945,0.367752827885055,y.rep[387],0.294803163959871,0.043377249427611696,0.2085764996759494,0.37879975243135583,0.3003003003003003,16-8-38
2025-07-15,16,3.54,0.2279,0.2796,0.2279,0,NA,-1.27,0.0517,8,Rehydrated,-3.33,0.21,38,0.1252,0.820287539936102,0.975679962705917,5,0.0141367993781847,0.299182589170049,FALSE,0.590288950692772,0.409711049307228,y.rep[388],0.2696866968545127,0.04350771055867775,0.18601909862074398,0.3563673603319887,0.2824858757062147,16-8-38
2025-07-15,39,2.83,0.3659,0.377,0.3659,0,NA,-2.7,0.0111,8,Fresh,NA,NA,39,0.1961,0.865884752677206,0.987354802921635,8,0.0189476367715291,0.41853261612196,TRUE,0.763377255370223,0.236622744629777,y.rep[389],0.341572165963672,0.04769925572238987,0.24904574295266244,0.4370799249236798,0.35335689045936397,39-8-39
2025-07-15,39,3.06,0.3578,0.377,0.3578,0,NA,-2.7,0.0192,8,Fresh,-2.83,0.23,39,0.1961,0.82457929627741,0.987354802921635,8,0.0189476367715291,0.41853261612196,TRUE,0.726961732587544,0.273038267412456,y.rep[390],0.30699335749134354,0.042322706693119744,0.2242510458503274,0.39032662361206527,0.32679738562091504,39-8-39
2025-07-15,39,3.43,0.3534,0.377,0.3534,0,NA,-2.7,0.0236,8,Fresh,-3.06,0.37,39,0.1961,0.802141764405915,0.987354802921635,8,0.0189476367715291,0.41853261612196,TRUE,0.707180460952509,0.292819539047491,y.rep[391],0.2938007495969057,0.0423082153242938,0.21235801153867184,0.37783400858936544,0.29154518950437314,39-8-39
2025-07-15,39,3.67,0.3496,0.377,0.3496,0,NA,-2.7,0.0274,8,Fresh,-3.43,0.24,39,0.1961,0.782763895971443,0.987354802921635,8,0.0189476367715291,0.41853261612196,TRUE,0.690096635449524,0.309903364550476,y.rep[392],0.2828861347091106,0.0421474971478851,0.20177058005639614,0.36715764700651426,0.2724795640326976,39-8-39
2025-07-15,39,4,0.3454,0.377,0.3454,0,NA,-2.7,0.0316,8,Fresh,-3.67,0.33,39,0.1961,0.76134625191229,0.987354802921635,8,0.0189476367715291,0.41853261612196,TRUE,0.671214512525172,0.328785487474828,y.rep[393],0.2707402945755891,0.04210032980169239,0.1892772197901373,0.35461703318062027,0.25,39-8-39
2025-07-15,39,4.38,0.336,0.377,0.336,0,NA,-2.7,0.041,8,Fresh,-4,0.38,39,0.1961,0.71341152473228,0.987354802921635,8,0.0189476367715291,0.41853261612196,TRUE,0.628954523123052,0.371045476876948,y.rep[394],0.24494239172948354,0.041916866183488485,0.1626535348181206,0.3264539599345982,0.22831050228310504,39-8-39
2025-07-15,39,4.64,0.33,0.377,0.33,0,NA,-2.7,0.047,8,Fresh,-4.38,0.26,39,0.1961,0.68281489036206,0.987354802921635,8,0.0189476367715291,0.41853261612196,TRUE,0.601980061802549,0.398019938197451,y.rep[395],0.22819130647427535,0.04187603052737796,0.14725754408733754,0.31193187116854987,0.21551724137931036,39-8-39
2025-07-15,39,4.91,0.3243,0.377,0.3243,0,NA,-2.7,0.0527,8,Fresh,-4.64,0.27,39,0.1961,0.653748087710352,0.987354802921635,8,0.0189476367715291,0.41853261612196,TRUE,0.576354323548071,0.423645676451929,y.rep[396],0.2124298652537426,0.04176213499274063,0.13046269406366773,0.2940756904725292,0.20366598778004072,39-8-39
2025-07-15,39,5.08,0.312,0.377,0.312,0,NA,-2.7,0.065,8,Fresh,-4.91,0.17,39,0.1961,0.591024987251402,0.987354802921635,8,0.0189476367715291,0.41853261612196,FALSE,0.521056677841041,0.478943322158959,y.rep[397],0.1783965117440876,0.04257697229100731,0.0950838192961579,0.26178199373569083,0.19685039370078738,39-8-39
2025-07-15,39,5.5,0.3037,0.377,0.3037,0,NA,-2.7,0.0733,8,Fresh,-5.08,0.42,39,0.1961,0.548699643039266,0.987354802921635,8,0.0189476367715291,0.41853261612196,FALSE,0.483742006347679,0.516257993652321,y.rep[398],0.15536868243348828,0.0426858995993221,0.07189283164459115,0.23933414955039234,0.18181818181818182,39-8-39
2025-07-15,46,1.14,0.2631,0.2631,0.2631,0,NA,-1.14,0,8,Rehydrated,NA,NA,40,0.1217,1.16187345932621,0.985528498092023,5,0.0100447099947161,0.275278063650774,TRUE,0.920704406858089,0.0792955931419108,y.rep[399],0.8302100401068568,0.051436119769300355,0.7298350140288817,0.9308394888863043,0.8771929824561404,46-8-40
2025-07-15,46,1.47,0.2611,0.2631,0.2611,0,NA,-1.14,0.002,8,Rehydrated,-1.14,0.33,40,0.1217,1.14543960558751,0.985528498092023,5,0.0100447099947161,0.275278063650774,TRUE,0.90768171369178,0.0923182863082205,y.rep[400],0.7216455712090892,0.04555656559348491,0.6337709818960962,0.8120874203406779,0.6802721088435374,46-8-40
2025-07-15,46,1.66,0.2589,0.2631,0.2589,0,NA,-1.14,0.00419999999999998,8,Rehydrated,-1.47,0.19,40,0.1217,1.12736236647494,0.985528498092023,5,0.0100447099947161,0.275278063650774,TRUE,0.893356751208839,0.106643248791161,y.rep[401],0.6188330034140602,0.04674272791301809,0.5282734377057707,0.71086468965994,0.6024096385542169,46-8-40
2025-07-15,46,2.05,0.2551,0.2631,0.2551,0,NA,-1.14,0.008,8,Rehydrated,-1.66,0.39,40,0.1217,1.09613804437141,0.985528498092023,5,0.0100447099947161,0.275278063650774,TRUE,0.868613634192851,0.131386365807149,y.rep[402],0.47878612704942886,0.04985287159671207,0.38239926185940976,0.576495580066206,0.48780487804878053,46-8-40
2025-07-15,46,2.41,0.2505,0.2631,0.2505,0,NA,-1.14,0.0126,8,Rehydrated,-2.05,0.36,40,0.1217,1.05834018077239,0.985528498092023,5,0.0100447099947161,0.275278063650774,TRUE,0.838661439910339,0.161338560089661,y.rep[403],0.41071888902783177,0.04316693118324359,0.3260931683232056,0.4956098746196781,0.41493775933609955,46-8-40
2025-07-15,46,2.62,0.2455,0.2631,0.2455,0,NA,-1.14,0.0176,8,Rehydrated,-2.41,0.21,40,0.1217,1.01725554642564,0.985528498092023,5,0.0100447099947161,0.275278063650774,FALSE,0.806104706994565,0.193895293005435,y.rep[404],0.3886299696782019,0.043259651457878606,0.3019775235581411,0.47226470429643264,0.38167938931297707,46-8-40
2025-07-15,46,2.71,0.2419,0.2631,0.2419,0,NA,-1.14,0.0212,8,Rehydrated,-2.62,0.0899999999999999,40,0.1217,0.987674609695974,0.985528498092023,5,0.0100447099947161,0.275278063650774,FALSE,0.782663859295207,0.217336140704793,y.rep[405],0.3742469505235803,0.042792375739808285,0.28901853287537244,0.45664079932545387,0.36900369003690037,46-8-40
2025-07-15,46,2.85,0.2385,0.2631,0.2385,0,NA,-1.14,0.0246,8,Rehydrated,-2.71,0.14,40,0.1217,0.959737058340181,0.985528498092023,5,0.0100447099947161,0.275278063650774,FALSE,0.760525280912481,0.239474719087519,y.rep[406],0.3604293460045828,0.04276785884363428,0.2760447218901768,0.44352926255747827,0.3508771929824561,46-8-40
2025-07-15,46,3.23,0.2257,0.2631,0.2257,0,NA,-1.14,0.0374,8,Rehydrated,-2.85,0.38,40,0.1217,0.85456039441249,0.985528498092023,5,0.0100447099947161,0.275278063650774,FALSE,0.6771800446481,0.3228199553519,y.rep[407],0.3087341840324831,0.042953070153411814,0.22410388052774782,0.39353895116165866,0.30959752321981426,46-8-40
2025-07-15,46,3.39,0.2205,0.2631,0.2205,0,NA,-1.14,0.0426,8,Rehydrated,-3.23,0.16,40,0.1217,0.811832374691865,0.985528498092023,5,0.0100447099947161,0.275278063650774,FALSE,0.643321042415695,0.356678957584305,y.rep[408],0.28777389523715297,0.04329073430763651,0.20322376820410842,0.3729026322058291,0.2949852507374631,46-8-40
2025-07-15,46,3.56,0.2154,0.2631,0.2154,0,NA,-1.14,0.0477,8,Rehydrated,-3.39,0.17,40,0.1217,0.769926047658176,0.985528498092023,5,0.0100447099947161,0.275278063650774,FALSE,0.610113174841605,0.389886825158395,y.rep[409],0.26754211553330154,0.043443649854025844,0.18426949434558168,0.35455698720861345,0.2808988764044944,46-8-40
2025-07-15,5,0.93,0.3193,0.3193,0.3193,0,NA,-0.93,0,8,Rehydrated,NA,NA,41,0.1598,0.998122653316646,0.977259927795571,3,0.00500601202404807,0.32355879759519,TRUE,0.973993472975308,0.0260065270246916,y.rep[410],1.061857508245032,0.055097525222212514,0.9538838046434671,1.169732359269033,1.075268817204301,5-8-41
2025-07-15,5,1.28,0.3166,0.3193,0.3166,0,NA,-0.93,0.00269999999999998,8,Rehydrated,-0.93,0.35,41,0.1598,0.981226533166458,0.977259927795571,3,0.00500601202404807,0.32355879759519,TRUE,0.957505809169457,0.0424941908305431,y.rep[411],0.7750170650838646,0.04695803376130571,0.6837028928797713,0.8676274291371185,0.78125,5-8-41
2025-07-15,5,2.18,0.3128,0.3193,0.3128,0,NA,-0.93,0.00649999999999995,8,Rehydrated,-1.28,0.9,41,0.1598,0.957446808510638,0.977259927795571,3,0.00500601202404807,0.32355879759519,TRUE,0.934300948998258,0.0656990510017416,y.rep[412],0.49813320847619047,0.05269452909016744,0.3971432768912634,0.6040180479038169,0.4587155963302752,5-8-41
2025-07-15,5,2.4,0.3098,0.3193,0.3098,0,NA,-0.93,0.00949999999999995,8,Rehydrated,-2.18,0.22,41,0.1598,0.938673341677096,0.977259927795571,3,0.00500601202404807,0.32355879759519,FALSE,0.915981322547312,0.0840186774526878,y.rep[413],0.3956053805159621,0.04350729873402727,0.30898015241250304,0.4796091430276513,0.4166666666666667,5-8-41
2025-07-15,5,2.65,0.3048,0.3193,0.3048,0,NA,-0.93,0.0145,8,Rehydrated,-2.4,0.25,41,0.1598,0.90738423028786,0.977259927795571,3,0.00500601202404807,0.32355879759519,FALSE,0.885448611795735,0.114551388204265,y.rep[414],0.37210669387516526,0.04300286084738125,0.28864650772952294,0.45693414173545743,0.37735849056603776,5-8-41
2025-07-15,5,3.15,0.297,0.3193,0.297,0,NA,-0.93,0.0223,8,Rehydrated,-2.65,0.5,41,0.1598,0.858573216520651,0.977259927795571,3,0.00500601202404807,0.32355879759519,FALSE,0.837817583023275,0.162182416976725,y.rep[415],0.3429184265629514,0.04247409374320178,0.2598568157004909,0.42607025426021067,0.31746031746031744,5-8-41
2025-07-15,5,3.32,0.2922,0.3193,0.2922,0,NA,-0.93,0.0271,8,Rehydrated,-3.15,0.17,41,0.1598,0.828535669586984,0.977259927795571,3,0.00500601202404807,0.32355879759519,FALSE,0.808506180701761,0.191493819298239,y.rep[416],0.32556149505198867,0.04231359502356287,0.2429809692116886,0.40934081297718444,0.30120481927710846,5-8-41
2025-07-15,5,3.62,0.2818,0.3193,0.2818,0,NA,-0.93,0.0375,8,Rehydrated,-3.32,0.3,41,0.1598,0.763454317897372,0.977259927795571,3,0.00500601202404807,0.32355879759519,FALSE,0.74499814233848,0.25500185766152,y.rep[417],0.2865847180120444,0.04250599352059808,0.20292295666819943,0.3699032350696026,0.27624309392265195,5-8-41
2025-07-15,5,3.84,0.2741,0.3193,0.2741,0,NA,-0.93,0.0452,8,Rehydrated,-3.62,0.22,41,0.1598,0.715269086357948,0.977259927795571,3,0.00500601202404807,0.32355879759519,FALSE,0.697977767781052,0.302022232218948,y.rep[418],0.2578686384068399,0.04260677062096271,0.17489872567074116,0.3421653974768787,0.2604166666666667,5-8-41
2025-07-15,5,4.03,0.2673,0.3193,0.2673,0,NA,-0.93,0.052,8,Rehydrated,-3.84,0.19,41,0.1598,0.672715894868586,0.977259927795571,3,0.00500601202404807,0.32355879759519,FALSE,0.656453281158907,0.343546718841093,y.rep[419],0.23260032250581425,0.04294612760126652,0.14853770427618873,0.3166776809494573,0.24813895781637715,5-8-41
2025-07-15,5,4.42,0.2578,0.3193,0.2578,0,NA,-0.93,0.0615,8,Rehydrated,-4.03,0.39,41,0.1598,0.613266583229036,0.977259927795571,3,0.00500601202404807,0.32355879759519,FALSE,0.59844113073091,0.40155886926909,y.rep[420],0.19758799241406252,0.04324722830300859,0.1130282422907378,0.28249323880412486,0.22624434389140272,5-8-41
2025-07-22,101,0.8,0.2774,0.2774,0.2774,0,NA,-0.8,0,9,Fresh,NA,NA,42,0.127,1.18425196850394,0.994841148960386,6,0.0126116332232665,0.287354798069596,TRUE,0.937920173331665,0.0620798266683348,y.rep[421],1.2194889650783063,0.0520501774393433,1.1193912160352528,1.323401465297048,1.25,101-9-42
2025-07-22,101,0.95,0.2751,0.2774,0.2751,0,NA,-0.8,0.00229999999999996,9,Fresh,-0.8,0.15,42,0.127,1.16614173228346,0.994841148960386,6,0.0126116332232665,0.287354798069596,TRUE,0.92357697919162,0.07642302080838,y.rep[422],1.0485899675341557,0.04521069548521093,0.9597287240621989,1.1368251550764807,1.0526315789473684,101-9-42
2025-07-22,101,1.2,0.2725,0.2774,0.2725,0,NA,-0.8,0.00489999999999996,9,Fresh,-0.95,0.25,42,0.127,1.14566929133858,0.994841148960386,6,0.0126116332232665,0.287354798069596,TRUE,0.907362933642003,0.0926370663579965,y.rep[423],0.88440785857489,0.044585921728708934,0.7968305656795154,0.9709800163876747,0.8333333333333334,101-9-42
2025-07-22,101,1.4,0.2693,0.2774,0.2693,0,NA,-0.8,0.00809999999999999,9,Fresh,-1.2,0.2,42,0.127,1.12047244094488,0.994841148960386,6,0.0126116332232665,0.287354798069596,TRUE,0.887407185273244,0.112592814726756,y.rep[424],0.7170742465317373,0.04716216183498889,0.6243621592374333,0.8092025911448167,0.7142857142857143,101-9-42
2025-07-22,101,1.87,0.2645,0.2774,0.2645,0,NA,-0.8,0.0129,9,Fresh,-1.4,0.47,42,0.127,1.08267716535433,0.994841148960386,6,0.0126116332232665,0.287354798069596,TRUE,0.857473562720106,0.142526437279894,y.rep[425],0.5244614038328586,0.05077883991419696,0.4239415805381763,0.6226998306019715,0.53475935828877,101-9-42
2025-07-22,101,2.1,0.2604,0.2774,0.2604,0,NA,-0.8,0.017,9,Fresh,-1.87,0.23,42,0.127,1.0503937007874,0.994841148960386,6,0.0126116332232665,0.287354798069596,TRUE,0.831905260122634,0.168094739877366,y.rep[426],0.43405720849515705,0.0437866735578664,0.3489164813679406,0.5201936617311315,0.47619047619047616,101-9-42
2025-07-22,101,2.4,0.2532,0.2774,0.2532,0,NA,-0.8,0.0242,9,Fresh,-2.1,0.3,42,0.127,0.993700787401575,0.994841148960386,6,0.0126116332232665,0.287354798069596,FALSE,0.787004826292926,0.212995173707074,y.rep[427],0.39674903987181687,0.043951147109591436,0.309674655423824,0.48181607790620756,0.4166666666666667,101-9-42
2025-07-22,101,2.7,0.2486,0.2774,0.2486,0,NA,-0.8,0.0288,9,Fresh,-2.4,0.3,42,0.127,0.95748031496063,0.994841148960386,6,0.0126116332232665,0.287354798069596,FALSE,0.758318438012836,0.241681561987164,y.rep[428],0.3777153668548374,0.04381517057102018,0.29385841957862113,0.46514734315673745,0.37037037037037035,101-9-42
2025-07-22,101,2.93,0.2382,0.2774,0.2382,0,NA,-0.8,0.0392,9,Fresh,-2.7,0.23,42,0.127,0.875590551181102,0.994841148960386,6,0.0126116332232665,0.287354798069596,FALSE,0.693462255814369,0.306537744185631,y.rep[429],0.3361824819504264,0.04314937864256657,0.2501384733765886,0.41919599022015763,0.341296928327645,101-9-42
2025-07-22,101,3.39,0.2311,0.2774,0.2311,0,NA,-0.8,0.0463,9,Fresh,-2.93,0.46,42,0.127,0.819685039370079,0.994841148960386,6,0.0126116332232665,0.287354798069596,FALSE,0.649185439121186,0.350814560878814,y.rep[430],0.30711419275635976,0.04287540073210024,0.2226016852516867,0.39108136802977395,0.2949852507374631,101-9-42
2025-07-22,101,4.33,0.2166,0.2774,0.2166,0,NA,-0.8,0.0608,9,Fresh,-3.39,0.94,42,0.127,0.705511811023622,0.994841148960386,6,0.0126116332232665,0.287354798069596,FALSE,0.558760954325247,0.44123904567475303,y.rep[431],0.24875201280309728,0.04377357245397044,0.16153053072561965,0.33292147756239493,0.23094688221709006,101-9-42
2025-07-22,101,4.84,0.2094,0.2774,0.2094,0,NA,-0.8,0.068,9,Fresh,-4.33,0.51,42,0.127,0.648818897637795,0.994841148960386,6,0.0126116332232665,0.287354798069596,FALSE,0.51386052049554,0.48613947950446,y.rep[432],0.21945308690302823,0.04433622352595054,0.1336597425306113,0.306844720991235,0.2066115702479339,101-9-42
2025-07-22,51,1.1,0.3144,0.3144,0.3144,0,NA,-1.1,0,9,Fresh,NA,NA,43,0.1479,1.12576064908722,0.994473905616604,3,0.00647540983606576,0.32159262295082,TRUE,0.958589934168611,0.0414100658313886,y.rep[433],0.8516639269029531,0.049851203115240425,0.7548437405754859,0.9500062899733114,0.9090909090909091,51-9-43
2025-07-22,51,1.3,0.3133,0.3144,0.3133,0,NA,-1.1,0.00109999999999998,9,Fresh,-1.1,0.2,43,0.1479,1.1183231913455,0.994473905616604,3,0.00647540983606576,0.32159262295082,TRUE,0.952256907576506,0.0477430924234935,y.rep[434],0.7900805377630885,0.04587003095375344,0.6992597905445601,0.8794815928423989,0.7692307692307692,51-9-43
2025-07-22,51,1.55,0.3115,0.3144,0.3115,0,NA,-1.1,0.00290000000000001,9,Fresh,-1.3,0.25,43,0.1479,1.10615280594997,0.994473905616604,3,0.00647540983606576,0.32159262295082,TRUE,0.941893773153062,0.0581062268469381,y.rep[435],0.6988167090146019,0.044934411825196176,0.6113926644201173,0.7878316630598232,0.6451612903225806,51-9-43
2025-07-22,51,1.85,0.308,0.3144,0.308,0,NA,-1.1,0.00640000000000001,9,Fresh,-1.55,0.3,43,0.1479,1.08248816768087,0.994473905616604,3,0.00647540983606576,0.32159262295082,FALSE,0.921743233996364,0.0782567660036356,y.rep[436],0.5513938995658694,0.05083739618080113,0.4501056160245115,0.650123070808721,0.5405405405405405,51-9-43
2025-07-22,51,2.1,0.3045,0.3144,0.3045,0,NA,-1.1,0.00990000000000002,9,Fresh,-1.85,0.25,43,0.1479,1.05882352941176,0.994473905616604,3,0.00647540983606576,0.32159262295082,FALSE,0.901592694839667,0.0984073051603331,y.rep[437],0.4437150908026709,0.04988472522892974,0.3475940917956463,0.5429315563693204,0.47619047619047616,51-9-43
2025-07-22,51,2.8,0.2967,0.3144,0.2967,0,NA,-1.1,0.0177,9,Fresh,-2.1,0.7,43,0.1479,1.00608519269777,0.994473905616604,3,0.00647540983606576,0.32159262295082,FALSE,0.856685779004741,0.143314220995259,y.rep[438],0.37374271902376194,0.04428731265639538,0.2876822139443672,0.4614512454774028,0.35714285714285715,51-9-43
2025-07-22,51,3,0.2915,0.3144,0.2915,0,NA,-1.1,0.0229,9,Fresh,-2.8,0.2,43,0.1479,0.970926301555105,0.994473905616604,3,0.00647540983606576,0.32159262295082,FALSE,0.82674783511479,0.17325216488521,y.rep[439],0.3552277803261976,0.043882483235874244,0.2678206690326822,0.43947732890655333,0.3333333333333333,51-9-43
2025-07-22,51,3.11,0.2813,0.3144,0.2813,0,NA,-1.1,0.0331,9,Fresh,-3,0.11,43,0.1479,0.901960784313725,0.994473905616604,3,0.00647540983606576,0.32159262295082,FALSE,0.768023406715272,0.231976593284728,y.rep[440],0.32016433629841334,0.04341783372603789,0.23310303563972767,0.4037127689326369,0.3215434083601286,51-9-43
2025-07-22,51,3.45,0.2727,0.3144,0.2727,0,NA,-1.1,0.0417,9,Fresh,-3.11,0.34,43,0.1479,0.843813387423935,0.994473905616604,3,0.00647540983606576,0.32159262295082,FALSE,0.718510653358815,0.281489346641185,y.rep[441],0.2897022403916067,0.043394755210821874,0.2066579757261347,0.3772001128114627,0.2898550724637681,51-9-43
2025-07-22,51,3.84,0.2604,0.3144,0.2604,0,NA,-1.1,0.054,9,Fresh,-3.45,0.39,43,0.1479,0.760649087221095,0.994473905616604,3,0.00647540983606576,0.32159262295082,FALSE,0.647695901465278,0.352304098534722,y.rep[442],0.2463998760483305,0.04382324807347236,0.16112534813274615,0.33261162813123585,0.2604166666666667,51-9-43
2025-07-22,51,4.14,0.253,0.3144,0.253,0,NA,-1.1,0.0614,9,Fresh,-3.84,0.3,43,0.1479,0.710615280594997,0.994473905616604,3,0.00647540983606576,0.32159262295082,FALSE,0.605091904391117,0.394908095608883,y.rep[443],0.2204985195014824,0.04379220781686922,0.13610157138938245,0.30720294287696587,0.24154589371980678,51-9-43
2025-07-22,56,3.65,0.2498,0.2498,0.2498,0,NA,-3.45,0,9,Fresh,NA,NA,44,0.1334,0.87256371814093,0.968824442694489,7,0.0164831461610237,0.305749518878299,TRUE,0.6753717721846,0.3246282278154,y.rep[444],0.2932935605579029,0.043053065960545825,0.21031188693018693,0.3789297914228902,0.273972602739726,56-9-44
2025-07-22,56,3.8,0.2417,0.2498,0.2417,0,NA,-3.45,0.00809999999999999,9,Fresh,-3.65,0.15,44,0.1334,0.81184407796102,0.968824442694489,7,0.0164831461610237,0.305749518878299,TRUE,0.62837425195526,0.37162574804474,y.rep[445],0.26458092755402524,0.042569247703382086,0.18311604989253308,0.3502285140081037,0.2631578947368421,56-9-44
2025-07-22,56,3.95,0.2394,0.2498,0.2394,0,NA,-3.45,0.0104,9,Fresh,-3.8,0.15,44,0.1334,0.794602698650675,0.968824442694489,7,0.0164831461610237,0.305749518878299,TRUE,0.615029277075323,0.384970722924677,y.rep[446],0.2557418583298301,0.04250918797215719,0.17365440235998875,0.3404254580616569,0.2531645569620253,56-9-44
2025-07-22,56,4.36,0.2318,0.2498,0.2318,0,NA,-3.45,0.018,9,Fresh,-3.95,0.41,44,0.1334,0.737631184407796,0.968824442694489,7,0.0164831461610237,0.305749518878299,TRUE,0.570932838341621,0.429067161658379,y.rep[447],0.2286837727864135,0.04234831445704042,0.14778528847947509,0.31438225124075486,0.2293577981651376,56-9-44
2025-07-22,56,4.72,0.2271,0.2498,0.2271,0,NA,-3.45,0.0227,9,Fresh,-4.36,0.359999999999999,44,0.1334,0.7023988005997,0.968824442694489,7,0.0164831461610237,0.305749518878299,TRUE,0.543662672282621,0.456337327717379,y.rep[448],0.21251007606865543,0.04216860631246307,0.12799105233519636,0.29342193563646735,0.21186440677966104,56-9-44
2025-07-22,56,5.21,0.2194,0.2498,0.2194,0,NA,-3.45,0.0304,9,Fresh,-4.72,0.49,44,0.1334,0.644677661169415,0.968824442694489,7,0.0164831461610237,0.305749518878299,TRUE,0.498986017249791,0.501013982750209,y.rep[449],0.18556912983368154,0.04223420741588732,0.10270580080381543,0.2695816443070754,0.19193857965451055,56-9-44
2025-07-22,56,5.66,0.2143,0.2498,0.2143,0,NA,-3.45,0.0355,9,Fresh,-5.21,0.45,44,0.1334,0.606446776611694,0.968824442694489,7,0.0164831461610237,0.305749518878299,TRUE,0.46939498599428,0.53060501400572,y.rep[450],0.16715094512860532,0.0424804774265134,0.08261034342196058,0.24876203626552024,0.17667844522968199,56-9-44
2025-07-22,56,6.54,0.2073,0.2498,0.2073,0,NA,-3.45,0.0425,9,Fresh,-5.66,0.88,44,0.1334,0.553973013493254,0.968824442694489,7,0.0164831461610237,0.305749518878299,FALSE,0.428779845055343,0.571220154944657,y.rep[451],0.14205427780436003,0.042956156950818745,0.058454122583405904,0.22648477809527093,0.1529051987767584,56-9-44
2025-07-22,86,1.46,0.3663,0.3663,0.3663,0,NA,-1.46,0,9,Fresh,NA,NA,45,0.181,1.02375690607735,0.998666524429271,3,0.0108715596330279,0.382149541284404,TRUE,0.921205183053364,0.0787948169466356,y.rep[452],0.6667036308111752,0.047153540405300565,0.576849175976973,0.7612394649327325,0.684931506849315,86-9-45
2025-07-22,86,1.6,0.3647,0.3663,0.3647,0,NA,-1.46,0.00159999999999999,9,Fresh,-1.46,0.14,45,0.181,1.01491712707182,0.998666524429271,3,0.0108715596330279,0.382149541284404,TRUE,0.913250901926082,0.0867490980739176,y.rep[453],0.6313821029801377,0.044947470020316876,0.5415245768912733,0.7177976407609007,0.625,86-9-45
2025-07-22,86,1.7,0.3637,0.3663,0.3637,0,NA,-1.46,0.00259999999999999,9,Fresh,-1.6,0.0999999999999999,45,0.181,1.00939226519337,0.998666524429271,3,0.0108715596330279,0.382149541284404,TRUE,0.908279476221531,0.0917205237784691,y.rep[454],0.6101219615549808,0.04427938544188035,0.5244557449717105,0.6976381701213231,0.5882352941176471,86-9-45
2025-07-22,86,1.9,0.3598,0.3663,0.3598,0,NA,-1.46,0.0065,9,Fresh,-1.7,0.2,45,0.181,0.987845303867403,0.998666524429271,3,0.0108715596330279,0.382149541284404,FALSE,0.888890915973781,0.111109084026219,y.rep[455],0.5362336967022268,0.04459526067493465,0.4480820458583541,0.6225781549146227,0.5263157894736842,86-9-45
2025-07-22,86,2.1,0.3553,0.3663,0.3553,0,NA,-1.46,0.011,9,Fresh,-1.9,0.2,45,0.181,0.962983425414365,0.998666524429271,3,0.0108715596330279,0.382149541284404,FALSE,0.8665195003033,0.1334804996967,y.rep[456],0.4617283700625979,0.04677238924584104,0.36921325752314355,0.5534083386482129,0.47619047619047616,86-9-45
2025-07-22,86,2.45,0.3496,0.3663,0.3496,0,NA,-1.46,0.0167,9,Fresh,-2.1,0.35,45,0.181,0.931491712707182,0.998666524429271,3,0.0108715596330279,0.382149541284404,FALSE,0.838182373787357,0.161817626212643,y.rep[457],0.3944295574418455,0.04512378609837182,0.3075383136605846,0.48346765100012346,0.4081632653061224,86-9-45
2025-07-22,86,2.8,0.345,0.3663,0.345,0,NA,-1.46,0.0213,9,Fresh,-2.45,0.35,45,0.181,0.906077348066298,0.998666524429271,3,0.0108715596330279,0.382149541284404,FALSE,0.815313815546421,0.184686184453579,y.rep[458],0.3623756527267978,0.043715828527593106,0.27478005591832527,0.44693988562589276,0.35714285714285715,86-9-45
2025-07-22,86,3,0.3393,0.3663,0.3393,0,NA,-1.46,0.027,9,Fresh,-2.8,0.2,45,0.181,0.874585635359116,0.998666524429271,3,0.0108715596330279,0.382149541284404,FALSE,0.786976689030478,0.213023310969522,y.rep[459],0.3387301526168299,0.043630677989364874,0.2539830415723812,0.4250408907501775,0.3333333333333333,86-9-45
2025-07-22,86,3.4,0.3256,0.3663,0.3256,0,NA,-1.46,0.0407,9,Fresh,-3,0.4,45,0.181,0.798895027624309,0.998666524429271,3,0.0108715596330279,0.382149541284404,FALSE,0.718868156878125,0.281131843121875,y.rep[460],0.2954804221877384,0.043550156215582246,0.21007517729068548,0.38077823477137995,0.29411764705882354,86-9-45
2025-07-22,86,3.91,0.3134,0.3663,0.3134,0,NA,-1.46,0.0529,9,Fresh,-3.4,0.51,45,0.181,0.731491712707182,0.998666524429271,3,0.0108715596330279,0.382149541284404,FALSE,0.658216763282598,0.341783236717402,y.rep[461],0.2580098669039777,0.043370341313060126,0.1743952440367047,0.3438860712980556,0.2557544757033248,86-9-45
2025-07-22,86,4.73,0.2975,0.3663,0.2975,0,NA,-1.46,0.0688,9,Fresh,-3.91,0.82,45,0.181,0.643646408839779,0.998666524429271,3,0.0108715596330279,0.382149541284404,FALSE,0.579171094580232,0.420828905419768,y.rep[462],0.20908689060127902,0.043717516699826875,0.12556222960908364,0.2965237594429229,0.2114164904862579,86-9-45
2025-07-22,86,5.34,0.2867,0.3663,0.2867,0,NA,-1.46,0.0796,9,Fresh,-4.73,0.609999999999999,45,0.181,0.583977900552486,0.998666524429271,3,0.0108715596330279,0.382149541284404,FALSE,0.525479696971077,0.474520303028923,y.rep[463],0.17580930376330775,0.044264018667147235,0.0881431588310157,0.2618482130211415,0.18726591760299627,86-9-45
2025-07-22,90,1.6,0.1733,0.1733,0.1733,0,NA,-1.6,0,9,Fresh,NA,NA,46,0.0813,1.13161131611316,0.999787424939862,4,0.00709160305343515,0.184667366412214,TRUE,0.890029447331739,0.109970552668261,y.rep[464],0.6206106386961527,0.050814927589137866,0.5203869070846504,0.7191827970321869,0.625,90-9-46
2025-07-22,90,1.85,0.1716,0.1733,0.1716,0,NA,-1.6,0.0017,9,Fresh,-1.6,0.25,46,0.0813,1.11070110701107,0.999787424939862,4,0.00709160305343515,0.184667366412214,TRUE,0.873583251022348,0.126416748977652,y.rep[465],0.5446377738288779,0.04693371993626597,0.4554997537207459,0.6391757422774267,0.5405405405405405,90-9-46
2025-07-22,90,2.3,0.1683,0.1733,0.1683,0,NA,-1.6,0.005,9,Fresh,-1.85,0.45,46,0.0813,1.07011070110701,0.999787424939862,4,0.00709160305343515,0.184667366412214,TRUE,0.841658281715883,0.158341718284117,y.rep[466],0.42930672433915024,0.04753859034235672,0.3372931145075362,0.5227562119750566,0.4347826086956522,90-9-46
2025-07-22,90,2.65,0.1659,0.1733,0.1659,0,NA,-1.6,0.00740000000000001,9,Fresh,-2.3,0.35,46,0.0813,1.04059040590406,0.999787424939862,4,0.00709160305343515,0.184667366412214,TRUE,0.818440122220273,0.181559877779727,y.rep[467],0.38479462963012,0.04439668202050395,0.29825784524854004,0.47185849950940334,0.37735849056603776,90-9-46
2025-07-22,90,3.1,0.1599,0.1733,0.1599,0,NA,-1.6,0.0134,9,Fresh,-2.65,0.45,46,0.0813,0.966789667896679,0.999787424939862,4,0.00709160305343515,0.184667366412214,FALSE,0.760394723481246,0.239605276518754,y.rep[468],0.3398743889406854,0.0436879528849303,0.2536622579530813,0.4246831505606356,0.3225806451612903,90-9-46
2025-07-22,90,3.25,0.1569,0.1733,0.1569,0,NA,-1.6,0.0164,9,Fresh,-3.1,0.15,46,0.0813,0.929889298892989,0.999787424939862,4,0.00709160305343515,0.184667366412214,FALSE,0.731372024111733,0.268627975888267,y.rep[469],0.32237993238119717,0.043471022765480434,0.23710960777315054,0.4063757584889847,0.3076923076923077,90-9-46
2025-07-22,90,3.7,0.1468,0.1733,0.1468,0,NA,-1.6,0.0265,9,Fresh,-3.25,0.45,46,0.0813,0.805658056580566,0.999787424939862,4,0.00709160305343515,0.184667366412214,FALSE,0.633662269567705,0.366337730432295,y.rep[470],0.2634404815085906,0.042744183576948445,0.1789742634969993,0.3458315949360699,0.27027027027027023,90-9-46
2025-07-22,90,4.3,0.141,0.1733,0.141,0,NA,-1.6,0.0323,9,Fresh,-3.7,0.6,46,0.0813,0.734317343173432,0.999787424939862,4,0.00709160305343515,0.184667366412214,FALSE,0.577551717453313,0.422448282546687,y.rep[471],0.22908003099743116,0.04284086569658074,0.14374529652100657,0.3119311560405113,0.23255813953488372,90-9-46
2025-07-22,90,5.7,0.1314,0.1733,0.1314,0,NA,-1.6,0.0419,9,Fresh,-4.3,1.4,46,0.0813,0.616236162361623,0.999787424939862,4,0.00709160305343515,0.184667366412214,FALSE,0.484679079470871,0.515320920529129,y.rep[472],0.1734393509151262,0.04347969092763779,0.08768571206610572,0.25829921190565086,0.17543859649122806,90-9-46
2025-07-22,90,6.25,0.1246,0.1733,0.1246,0,NA,-1.6,0.0487,9,Fresh,-5.7,0.55,46,0.0813,0.53259532595326,0.999787424939862,4,0.00709160305343515,0.184667366412214,FALSE,0.418894294233308,0.581105705766692,y.rep[473],0.1337645352190612,0.04455125833410142,0.04576906540952641,0.22078967378443087,0.16,90-9-46
2025-07-22,91,4.35,0.2182,0.227,0.2182,0,NA,-4.1,0.0088,9,Fresh,NA,NA,47,0.1314,0.660578386605784,0.997617361688977,6,0.00907617977528092,0.257018609737828,TRUE,0.690980422257147,0.309019577742853,y.rep[474],0.2428633830018743,0.04319535338176309,0.15813842835114358,0.3274386533538761,0.2298850574712644,91-9-47
2025-07-22,91,4.55,0.2153,0.227,0.2153,0,NA,-4.1,0.0117,9,Fresh,-4.35,0.2,47,0.1314,0.638508371385084,0.997617361688977,6,0.00907617977528092,0.257018609737828,TRUE,0.667894670822288,0.332105329177712,y.rep[475],0.22761724883692946,0.04273279269598274,0.1440344980122874,0.31093739577116863,0.21978021978021978,91-9-47
2025-07-22,91,4.7,0.2139,0.227,0.2139,0,NA,-4.1,0.0131,9,Fresh,-4.55,0.15,47,0.1314,0.627853881278539,0.997617361688977,6,0.00907617977528092,0.257018609737828,TRUE,0.656749825302012,0.343250174697988,y.rep[476],0.22107267280259355,0.042581873090701106,0.13736055332971636,0.305038671911952,0.2127659574468085,91-9-47
2025-07-22,91,5.62,0.2062,0.227,0.2062,0,NA,-4.1,0.0208,9,Fresh,-4.7,0.92,47,0.1314,0.569254185692542,0.997617361688977,6,0.00907617977528092,0.257018609737828,TRUE,0.59545317494049,0.40454682505951,y.rep[477],0.18366460103952129,0.042659311352100604,0.10127944851170805,0.26844048328907555,0.17793594306049823,91-9-47
2025-07-22,91,5.95,0.2031,0.227,0.2031,0,NA,-4.1,0.0239,9,Fresh,-5.62,0.33,47,0.1314,0.545662100456621,0.997617361688977,6,0.00907617977528092,0.257018609737828,TRUE,0.570775302717021,0.429224697282979,y.rep[478],0.16799574106077872,0.042691159424681054,0.0852847083096221,0.25293315810252875,0.1680672268907563,91-9-47
2025-07-22,91,6.75,0.1957,0.227,0.1957,0,NA,-4.1,0.0313,9,Fresh,-5.95,0.8,47,0.1314,0.489345509893455,0.997617361688977,6,0.00907617977528092,0.257018609737828,TRUE,0.511866833538416,0.488133166461584,y.rep[479],0.13257835776483337,0.042945803413549095,0.04920521855397677,0.21735466266882889,0.14814814814814814,91-9-47
2025-07-22,91,7.56,0.191,0.227,0.191,0,NA,-4.1,0.036,9,Fresh,-6.75,0.81,47,0.1314,0.453576864535769,0.997617361688977,6,0.00907617977528092,0.257018609737828,FALSE,0.474451995006059,0.525548004993941,y.rep[480],0.10975705482075505,0.04360179049169465,0.025331207790157143,0.1969723680941505,0.1322751322751323,91-9-47
