"","date","shrubID","P_mpa","mass_g","start_weight","leaf_mass_g","offset_mass_g","note","start_wp","mass_lost_g","week","state","lag_wp","diff_wp","superID","dry_mass","wc","r2","n","slope","sat_mass_est","keep","rwc","rwc_plotting"
"1",2025-06-04,122,-0.71,0.2711,0.2711,0.2711,0,NA,-0.71,0,2,"Fresh - Wet paper towel",NA,NA,1,0.0793,2.41866330390921,0.978989117162884,6,0.0290354984251298,0.287341403478903,TRUE,0.921931869294712,0.078068130705288
"2",2025-06-04,122,-0.83,0.2632,0.2711,0.2632,0,NA,-0.71,0.00790000000000001,2,"Fresh - Wet paper towel",-0.71,0.12,1,0.0793,2.31904161412358,0.978989117162884,6,0.0290354984251298,0.287341403478903,TRUE,0.883958658828454,0.116041341171546
"3",2025-06-04,122,-0.89,0.2562,0.2711,0.2562,0,"pv(""39"")",-0.71,0.0149,2,"Fresh - Wet paper towel",-0.83,0.0600000000000001,1,0.0793,2.23076923076923,0.978989117162884,6,0.0290354984251298,0.287341403478903,TRUE,0.850311510314049,0.149688489685951
"4",2025-06-04,122,-1.92,0.2328,0.2711,0.2328,0,NA,-0.71,0.0383,2,"Fresh - Wet paper towel",-0.89,1.03,1,0.0793,1.93568726355612,0.978989117162884,6,0.0290354984251298,0.287341403478903,TRUE,0.737833899565893,0.262166100434107
"5",2025-06-04,122,-2.27,0.2228,0.2711,0.2228,0,NA,-0.71,0.0483,2,"Fresh - Wet paper towel",-1.92,0.35,1,0.0793,1.80958385876419,0.978989117162884,6,0.0290354984251298,0.287341403478903,TRUE,0.689766544545314,0.310233455454686
"6",2025-06-04,122,-2.35,0.2175,0.2711,0.2175,0,NA,-0.71,0.0536,2,"Fresh - Wet paper towel",-2.27,0.0800000000000001,1,0.0793,1.74274905422446,0.978989117162884,6,0.0290354984251298,0.287341403478903,TRUE,0.664290846384406,0.335709153615594
"7",2025-06-04,122,-2.47,0.2089,0.2711,0.2089,0,NA,-0.71,0.0622,2,"Fresh - Wet paper towel",-2.35,0.12,1,0.0793,1.6343001261034,0.978989117162884,6,0.0290354984251298,0.287341403478903,FALSE,0.622952921066708,0.377047078933292
"8",2025-06-04,122,-2.62,0.1914,0.2711,0.1914,0,NA,-0.71,0.0797,2,"Fresh - Wet paper towel",-2.47,0.15,1,0.0793,1.41361916771753,0.978989117162884,6,0.0290354984251298,0.287341403478903,FALSE,0.538835049780694,0.461164950219306
"9",2025-06-04,122,-2.76,0.1855,0.2711,0.1855,0,NA,-0.71,0.0856,2,"Fresh - Wet paper towel",-2.62,0.14,1,0.0793,1.33921815889029,0.978989117162884,6,0.0290354984251298,0.287341403478903,FALSE,0.510475310318553,0.489524689681447
"10",2025-06-04,122,-3.02,0.1795,0.2711,0.1795,0,NA,-0.71,0.0916,2,"Fresh - Wet paper towel",-2.76,0.26,1,0.0793,1.26355611601513,0.978989117162884,6,0.0290354984251298,0.287341403478903,FALSE,0.481634897306205,0.518365102693795
"11",2025-06-04,122,-4.67,0.1486,0.2711,0.1486,0,NA,-0.71,0.1225,2,"Fresh - Wet paper towel",-3.02,1.65,1,0.0793,0.873896595208071,0.978989117162884,6,0.0290354984251298,0.287341403478903,FALSE,0.333106770292615,0.666893229707385
"12",2025-06-04,16,-1.01,0.8844,0.8844,0.8844,0,NA,-1.01,0,2,"Fresh - Wet paper towel",NA,NA,2,0.2867,2.08475758632717,0.992098309471594,3,0.172165620473202,1.06369853532915,TRUE,0.769242119287657,0.230757880712343
"13",2025-06-04,16,-1.29,0.8495,0.8844,0.8495,0,NA,-1.01,0.0348999999999999,2,"Fresh - Wet paper towel",-1.01,0.28,2,0.2867,1.96302755493547,0.992098309471594,3,0.172165620473202,1.06369853532915,TRUE,0.724325689702348,0.275674310297652
"14",2025-06-04,16,-1.9,0.7341,0.8844,0.7341,0,"pv(""5"", plotonly = TRUE)",-1.01,0.1503,2,"Fresh - Wet paper towel",-1.29,0.61,2,0.2867,1.5605162190443,0.992098309471594,3,0.172165620473202,1.06369853532915,TRUE,0.575805461216827,0.424194538783173
"15",2025-06-04,16,-2.24,0.7193,0.8844,0.7193,0,NA,-1.01,0.1651,2,"Fresh - Wet paper towel",-1.9,0.34,2,0.2867,1.50889431461458,0.992098309471594,3,0.172165620473202,1.06369853532915,FALSE,0.556757806263745,0.443242193736255
"16",2025-06-04,16,-2.43,0.7073,0.8844,0.7073,0,NA,-1.01,0.1771,2,"Fresh - Wet paper towel",-2.24,0.19,2,0.2867,1.46703871642832,0.992098309471594,3,0.172165620473202,1.06369853532915,FALSE,0.541313761707192,0.458686238292808
"17",2025-06-04,16,-2.5,0.6923,0.8844,0.6923,0,NA,-1.01,0.1921,2,"Fresh - Wet paper towel",-2.43,0.0699999999999998,2,0.2867,1.4147192186955,0.992098309471594,3,0.172165620473202,1.06369853532915,FALSE,0.5220087060115,0.4779912939885
"18",2025-06-04,16,-2.68,0.6781,0.8844,0.6781,0,NA,-1.01,0.2063,2,"Fresh - Wet paper towel",-2.5,0.18,2,0.2867,1.3651900941751,0.992098309471594,3,0.172165620473202,1.06369853532915,FALSE,0.503733253286246,0.496266746713754
"19",2025-06-04,16,-2.75,0.6662,0.8844,0.6662,0,NA,-1.01,0.2182,2,"Fresh - Wet paper towel",-2.68,0.0699999999999998,2,0.2867,1.32368329264039,0.992098309471594,3,0.172165620473202,1.06369853532915,FALSE,0.488417909100997,0.511582090899003
"20",2025-06-04,16,-2.94,0.6502,0.8844,0.6502,0,NA,-1.01,0.2342,2,"Fresh - Wet paper towel",-2.75,0.19,2,0.2867,1.26787582839205,0.992098309471594,3,0.172165620473202,1.06369853532915,FALSE,0.467825849692259,0.532174150307741
"21",2025-06-04,39,-0.69,0.3388,0.3388,0.3388,0,NA,-0.69,0,2,"Fresh - Wet paper towel",NA,NA,3,0.1029,2.29251700680272,0.951873536790507,10,0.03309284094235,0.346154457005421,TRUE,0.969766403888515,0.0302335961114855
"22",2025-06-04,39,-0.91,0.3223,0.3388,0.3223,0,NA,-0.69,0.0165,2,"Fresh - Wet paper towel",-0.69,0.22,3,0.1029,2.13216715257532,0.951873536790507,10,0.03309284094235,0.346154457005421,TRUE,0.901936197597033,0.0980638024029671
"23",2025-06-04,39,-1,0.3032,0.3388,0.3032,0,NA,-0.69,0.0356,2,"Fresh - Wet paper towel",-0.91,0.09,3,0.1029,1.94655004859087,0.951873536790507,10,0.03309284094235,0.346154457005421,TRUE,0.823417595162652,0.176582404837348
"24",2025-06-04,39,-1.4,0.2827,0.3388,0.2827,0,NA,-0.69,0.0561,2,"Fresh - Wet paper towel",-1,0.4,3,0.1029,1.74732750242954,0.951873536790507,10,0.03309284094235,0.346154457005421,TRUE,0.739143702497477,0.260856297502523
"25",2025-06-04,39,-2.3,0.2711,0.3388,0.2711,0,NA,-0.69,0.0677,2,"Fresh - Wet paper towel",-1.4,0.9,3,0.1029,1.63459669582119,0.951873536790507,10,0.03309284094235,0.346154457005421,TRUE,0.691457012013769,0.308542987986231
"26",2025-06-04,39,-2.49,0.2659,0.3388,0.2659,0,NA,-0.69,0.0729,2,"Fresh - Wet paper towel",-2.3,0.19,3,0.1029,1.58406219630709,0.951873536790507,10,0.03309284094235,0.346154457005421,TRUE,0.670080219727969,0.329919780272031
"27",2025-06-04,39,-2.84,0.2524,0.3388,0.2524,0,NA,-0.69,0.0864,2,"Fresh - Wet paper towel",-2.49,0.35,3,0.1029,1.45286686103013,0.951873536790507,10,0.03309284094235,0.346154457005421,TRUE,0.614582778216757,0.385417221783243
"28",2025-06-04,39,-3.02,0.246,0.3388,0.246,0,NA,-0.69,0.0928,2,"Fresh - Wet paper towel",-2.84,0.18,3,0.1029,1.39067055393586,0.951873536790507,10,0.03309284094235,0.346154457005421,TRUE,0.588272880018849,0.411727119981151
"29",2025-06-04,39,-3.26,0.2371,0.3388,0.2371,0,NA,-0.69,0.1017,2,"Fresh - Wet paper towel",-3.02,0.24,3,0.1029,1.3041788143829,0.951873536790507,10,0.03309284094235,0.346154457005421,TRUE,0.551685677837383,0.448314322162617
"30",2025-06-04,39,-4.22,0.2097,0.3388,0.2097,0,NA,-0.69,0.1291,2,"Fresh - Wet paper towel",-3.26,0.96,3,0.1029,1.03790087463557,0.951873536790507,10,0.03309284094235,0.346154457005421,TRUE,0.439046426177589,0.560953573822411
"31",2025-06-04,46,-0.8,0.306,0.306,0.306,0,NA,-0.8,0,2,"Fresh - Wet paper towel",NA,NA,4,0.0906,2.37748344370861,0.982434324223372,6,0.0308432251391421,0.329248150519628,TRUE,0.902583990410117,0.0974160095898828
"32",2025-06-04,46,-1.05,0.2996,0.306,0.2996,0,NA,-0.8,0.00640000000000001,2,"Fresh - Wet paper towel",-0.8,0.25,4,0.0906,2.30684326710817,0.982434324223372,6,0.0308432251391421,0.329248150519628,TRUE,0.875766267389575,0.124233732610425
"33",2025-06-04,46,-1.26,0.2849,0.306,0.2849,0,NA,-0.8,0.0211,2,"Fresh - Wet paper towel",-1.05,0.21,4,0.0906,2.14459161147903,0.982434324223372,6,0.0308432251391421,0.329248150519628,TRUE,0.814169309826768,0.185830690173232
"34",2025-06-04,46,-2.01,0.2678,0.306,0.2678,0,NA,-0.8,0.0382,2,"Fresh - Wet paper towel",-1.26,0.75,4,0.0906,1.95584988962472,0.982434324223372,6,0.0308432251391421,0.329248150519628,TRUE,0.742515706131257,0.257484293868743
"35",2025-06-04,46,-2.28,0.2595,0.306,0.2595,0,NA,-0.8,0.0465,2,"Fresh - Wet paper towel",-2.01,0.27,4,0.0906,1.86423841059603,0.982434324223372,6,0.0308432251391421,0.329248150519628,TRUE,0.707736471588992,0.292263528411008
"36",2025-06-04,46,-2.43,0.2545,0.306,0.2545,0,NA,-0.8,0.0515,2,"Fresh - Wet paper towel",-2.28,0.15,4,0.0906,1.80905077262693,0.982434324223372,6,0.0308432251391421,0.329248150519628,TRUE,0.686785125479193,0.313214874520807
"37",2025-06-04,46,-2.64,0.2369,0.306,0.2369,0,NA,-0.8,0.0691,2,"Fresh - Wet paper towel",-2.43,0.21,4,0.0906,1.61479028697572,0.982434324223372,6,0.0308432251391421,0.329248150519628,FALSE,0.613036387172703,0.386963612827297
"38",2025-06-04,46,-2.76,0.2302,0.306,0.2302,0,NA,-0.8,0.0758,2,"Fresh - Wet paper towel",-2.64,0.12,4,0.0906,1.54083885209713,0.982434324223372,6,0.0308432251391421,0.329248150519628,FALSE,0.584961583385573,0.415038416614427
"39",2025-06-04,46,-3.02,0.221,0.306,0.221,0,NA,-0.8,0.085,2,"Fresh - Wet paper towel",-2.76,0.26,4,0.0906,1.439293598234,0.982434324223372,6,0.0308432251391421,0.329248150519628,FALSE,0.546411106543544,0.453588893456456
"40",2025-06-04,46,-4.16,0.1902,0.306,0.1902,0,NA,-0.8,0.1158,2,"Fresh - Wet paper towel",-3.02,1.14,4,0.0906,1.09933774834437,0.982434324223372,6,0.0308432251391421,0.329248150519628,FALSE,0.417350814507185,0.582649185492815
"41",2025-06-04,5,-1.137,0.6234,0.6234,0.6234,0,NA,-1.137,0,2,"Fresh - Wet paper towel",NA,NA,5,0.214,1.91308411214953,0.982617970089326,10,0.0689307415760988,0.701031924407611,TRUE,0.840601980040556,0.159398019959444
"42",2025-06-04,5,-1.414,0.6101,0.6234,0.6101,0,NA,-1.137,0.0133,2,"Fresh - Wet paper towel",-1.137,0.277,5,0.214,1.85093457943925,0.982617970089326,10,0.0689307415760988,0.701031924407611,TRUE,0.81329370858345,0.18670629141655
"43",2025-06-04,5,-1.65,0.5722,0.6234,0.5722,0,"pv(""16"")",-1.137,0.0511999999999999,2,"Fresh - Wet paper towel",-1.414,0.236,5,0.214,1.67383177570093,0.982617970089326,10,0.0689307415760988,0.701031924407611,TRUE,0.735475401198161,0.264524598801839
"44",2025-06-04,5,-2.5,0.5388,0.6234,0.5388,0,NA,-1.137,0.0846,2,"Fresh - Wet paper towel",-1.65,0.85,5,0.214,1.51775700934579,0.982617970089326,10,0.0689307415760988,0.701031924407611,TRUE,0.666896734531442,0.333103265468558
"45",2025-06-04,5,-2.62,0.5225,0.6234,0.5225,0,NA,-1.137,0.1009,2,"Fresh - Wet paper towel",-2.5,0.12,5,0.214,1.44158878504673,0.982617970089326,10,0.0689307415760988,0.701031924407611,TRUE,0.633428702595289,0.366571297404711
"46",2025-06-04,5,-2.88,0.5069,0.6234,0.5069,0,NA,-1.137,0.1165,2,"Fresh - Wet paper towel",-2.62,0.26,5,0.214,1.36869158878505,0.982617970089326,10,0.0689307415760988,0.701031924407611,TRUE,0.601397948104247,0.398602051895753
"47",2025-06-04,5,-3.03,0.496,0.6234,0.496,0,NA,-1.137,0.1274,2,"Fresh - Wet paper towel",-2.88,0.15,5,0.214,1.31775700934579,0.982617970089326,10,0.0689307415760988,0.701031924407611,TRUE,0.579017485030378,0.420982514969622
"48",2025-06-04,5,-3.02,0.4876,0.6234,0.4876,0,NA,-1.137,0.1358,2,"Fresh - Wet paper towel",-3.03,-0.00999999999999978,5,0.214,1.2785046728972,0.982617970089326,10,0.0689307415760988,0.701031924407611,TRUE,0.561770155689048,0.438229844310952
"49",2025-06-04,5,-3.26,0.4754,0.6234,0.4754,0,NA,-1.137,0.148,2,"Fresh - Wet paper towel",-3.02,0.24,5,0.214,1.2214953271028,0.982617970089326,10,0.0689307415760988,0.701031924407611,TRUE,0.536720463074258,0.463279536925742
"50",2025-06-04,5,-3.32,0.4658,0.6234,0.4658,0,NA,-1.137,0.1576,2,"Fresh - Wet paper towel",-3.26,0.0600000000000001,5,0.214,1.17663551401869,0.982617970089326,10,0.0689307415760988,0.701031924407611,TRUE,0.517009229541309,0.482990770458691
"51",2025-06-04,69,-1.07,0.3138,0.3138,0.3138,0,NA,-1.07,0,2,"Fresh - Wet paper towel",NA,NA,6,0.098,2.20204081632653,0.992528390067918,3,0.0318934911242606,0.348261538461539,TRUE,0.86229790373148,0.13770209626852
"52",2025-06-04,69,-1.31,0.3072,0.3138,0.3072,0,NA,-1.07,0.00660000000000005,2,"Fresh - Wet paper towel",-1.07,0.24,6,0.098,2.13469387755102,0.992528390067918,3,0.0318934911242606,0.348261538461539,TRUE,0.835925493330054,0.164074506669946
"53",2025-06-04,69,-1.52,0.2994,0.3138,0.2994,0,NA,-1.07,0.0144,2,"Fresh - Wet paper towel",-1.31,0.21,6,0.098,2.05510204081633,0.992528390067918,3,0.0318934911242606,0.348261538461539,TRUE,0.804758099219277,0.195241900780723
"54",2025-06-04,69,-2.12,0.2574,0.3138,0.2574,0,NA,-1.07,0.0564,2,"Fresh - Wet paper towel",-1.52,0.6,6,0.098,1.6265306122449,0.992528390067918,3,0.0318934911242606,0.348261538461539,FALSE,0.63693366939202,0.36306633060798
"55",2025-06-04,69,-2.43,0.2482,0.3138,0.2482,0,NA,-1.07,0.0656,2,"Fresh - Wet paper towel",-2.12,0.31,6,0.098,1.53265306122449,0.992528390067918,3,0.0318934911242606,0.348261538461539,FALSE,0.600172127620335,0.399827872379665
"56",2025-06-04,69,-2.53,0.2419,0.3138,0.2419,0,NA,-1.07,0.0719,2,"Fresh - Wet paper towel",-2.43,0.0999999999999996,6,0.098,1.46836734693878,0.992528390067918,3,0.0318934911242606,0.348261538461539,FALSE,0.574998463146246,0.425001536853754
"57",2025-06-04,69,-2.7,0.2334,0.3138,0.2334,0,NA,-1.07,0.0804,2,"Fresh - Wet paper towel",-2.53,0.17,6,0.098,1.38163265306122,0.992528390067918,3,0.0318934911242606,0.348261538461539,FALSE,0.541033995205016,0.458966004794984
"58",2025-06-04,69,-2.88,0.2258,0.3138,0.2258,0,NA,-1.07,0.088,2,"Fresh - Wet paper towel",-2.7,0.18,6,0.098,1.30408163265306,0.992528390067918,3,0.0318934911242606,0.348261538461539,FALSE,0.510665765045798,0.489334234954202
"59",2025-06-04,69,-3.1,0.2191,0.3138,0.2191,0,NA,-1.07,0.0947,2,"Fresh - Wet paper towel",-2.88,0.22,6,0.098,1.23571428571429,0.992528390067918,3,0.0318934911242606,0.348261538461539,FALSE,0.483893772668592,0.516106227331408
"60",2025-06-04,69,-3.41,0.2097,0.3138,0.2097,0,NA,-1.07,0.1041,2,"Fresh - Wet paper towel",-3.1,0.31,6,0.098,1.13979591836735,0.992528390067918,3,0.0318934911242606,0.348261538461539,FALSE,0.446333066945349,0.553666933054651
"61",2025-06-04,69,-5.33,0.1738,0.3138,0.1738,0,NA,-1.07,0.14,2,"Fresh - Wet paper towel",-3.41,1.92,6,0.098,0.773469387755102,0.992528390067918,3,0.0318934911242606,0.348261538461539,FALSE,0.302883137640622,0.697116862359378
"62",2025-06-11,101,-2.87,0.2057,0.214,0.2057,0,NA,-1.8,0.0083,3,"Fresh - Wet paper towel",NA,NA,7,0.0788,1.61040609137056,0.814524150806349,5,0.0123512445251576,0.237616899903856,TRUE,0.799033352727713,0.200966647272287
"63",2025-06-11,101,-3.35,0.1986,0.214,0.1986,0,NA,-1.8,0.0154,3,"Fresh - Wet paper towel",-2.87,0.48,7,0.0788,1.52030456852792,0.814524150806349,5,0.0123512445251576,0.237616899903856,TRUE,0.754327782953349,0.245672217046651
"64",2025-06-11,101,-2.48,0.2038,0.214,0.2038,0,NA,-1.8,0.0102,3,"Fresh - Wet paper towel",-3.35,-0.87,7,0.0788,1.58629441624365,0.814524150806349,5,0.0123512445251576,0.237616899903856,TRUE,0.787069890393728,0.212930109606272
"65",2025-06-11,101,-3.64,0.1932,0.214,0.1932,0,NA,-1.8,0.0208,3,"Fresh - Wet paper towel",-2.48,1.16,7,0.0788,1.45177664974619,0.814524150806349,5,0.0123512445251576,0.237616899903856,TRUE,0.72032636368834,0.27967363631166
"66",2025-06-11,101,-3.73,0.1883,0.214,0.1883,0,NA,-1.8,0.0257,3,"Fresh - Wet paper towel",-3.64,0.0899999999999999,7,0.0788,1.38959390862944,0.814524150806349,5,0.0123512445251576,0.237616899903856,TRUE,0.689473223984906,0.310526776015094
"67",2025-06-11,51,-0.19,0.2138,0.2138,0.2138,0,"previous measurement was WP may have been incorrect",-0.19,0,3,"Fresh - Wet paper towel",NA,NA,8,0.083,1.57590361445783,0.99782601182881,3,0.00770887944221947,0.215291694020156,TRUE,0.988724205013743,0.0112757949862566
"68",2025-06-11,51,-3.73,0.1873,0.2138,0.1873,0,NA,-0.19,0.0265,3,"Fresh - Wet paper towel",-0.19,3.54,8,0.083,1.2566265060241,0.99782601182881,3,0.00770887944221947,0.215291694020156,TRUE,0.788409285802243,0.211590714197757
"69",2025-06-11,51,-3.86,0.1848,0.2138,0.1848,0,NA,-0.19,0.029,3,"Fresh - Wet paper towel",-3.73,0.13,8,0.083,1.22650602409639,0.99782601182881,3,0.00770887944221947,0.215291694020156,TRUE,0.769511651914366,0.230488348085634
"70",2025-06-11,51,-4.04,0.1801,0.2138,0.1801,0,NA,-0.19,0.0337,3,"Fresh - Wet paper towel",-3.86,0.18,8,0.083,1.16987951807229,0.99782601182881,3,0.00770887944221947,0.215291694020156,FALSE,0.733984100205157,0.266015899794843
"71",2025-06-11,51,-4.29,0.1735,0.2138,0.1735,0,NA,-0.19,0.0403,3,"Fresh - Wet paper towel",-4.04,0.25,8,0.083,1.09036144578313,0.99782601182881,3,0.00770887944221947,0.215291694020156,FALSE,0.68409434674116,0.31590565325884
"72",2025-06-11,51,-4.41,0.1701,0.2138,0.1701,0,NA,-0.19,0.0437,3,"Fresh - Wet paper towel",-4.29,0.12,8,0.083,1.04939759036145,0.99782601182881,3,0.00770887944221947,0.215291694020156,FALSE,0.658393564653647,0.341606435346353
"73",2025-06-11,56,-1.12,0.1993,0.1993,0.1993,0,NA,-1.12,0,3,"Fresh - Wet paper towel",NA,NA,9,0.0773,1.57826649417853,0.99275633578598,5,0.0105851598939121,0.209878407462732,TRUE,0.920210178526201,0.0797898214737993
"74",2025-06-11,56,-1.2,0.1962,0.1993,0.1962,0,NA,-1.12,0.00309999999999999,3,"Fresh - Wet paper towel",-1.12,0.0799999999999998,9,0.0773,1.53816300129366,0.99275633578598,5,0.0105851598939121,0.209878407462732,TRUE,0.896827788743978,0.103172211256022
"75",2025-06-11,56,-1.32,0.1955,0.1993,0.1955,0,NA,-1.12,0.00379999999999999,3,"Fresh - Wet paper towel",-1.2,0.12,9,0.0773,1.52910737386805,0.99275633578598,5,0.0105851598939121,0.209878407462732,TRUE,0.891547894277024,0.108452105722976
"76",2025-06-11,56,-3.26,0.1763,0.1993,0.1763,0,NA,-1.12,0.023,3,"Fresh - Wet paper towel",-1.32,1.94,9,0.0773,1.28072445019405,0.99275633578598,5,0.0105851598939121,0.209878407462732,TRUE,0.746727931754868,0.253272068245132
"77",2025-06-11,56,-3.34,0.1737,0.1993,0.1737,0,NA,-1.12,0.0256,3,"Fresh - Wet paper towel",-3.26,0.0800000000000001,9,0.0773,1.2470892626132,0.99275633578598,5,0.0105851598939121,0.209878407462732,TRUE,0.727116895163326,0.272883104836674
"78",2025-06-11,56,-3.63,0.1665,0.1993,0.1665,0,NA,-1.12,0.0328,3,"Fresh - Wet paper towel",-3.34,0.29,9,0.0773,1.15394566623545,0.99275633578598,5,0.0105851598939121,0.209878407462732,FALSE,0.672809409217517,0.327190590782483
"79",2025-06-11,56,-3.86,0.1616,0.1993,0.1616,0,NA,-1.12,0.0377,3,"Fresh - Wet paper towel",-3.63,0.23,9,0.0773,1.09055627425614,0.99275633578598,5,0.0105851598939121,0.209878407462732,FALSE,0.635850147948842,0.364149852051158
"80",2025-06-11,86,-1.95,0.4519,0.4519,0.4519,0,NA,-1.95,0,3,"Fresh - Wet paper towel",NA,NA,10,0.1625,1.78092307692308,0.999604354708132,4,0.0583558396041645,0.564913586228224,TRUE,0.719160609641719,0.280839390358281
"81",2025-06-11,86,-2.02,0.4462,0.4519,0.4462,0,NA,-1.95,0.00570000000000003,3,"Fresh - Wet paper towel",-1.95,0.0700000000000001,10,0.1625,1.74584615384615,0.999604354708132,4,0.0583558396041645,0.564913586228224,TRUE,0.704996077938341,0.295003922061659
"82",2025-06-11,86,-2.72,0.4062,0.4519,0.4062,0,NA,-1.95,0.0457,3,"Fresh - Wet paper towel",-2.02,0.7,10,0.1625,1.49969230769231,0.999604354708132,4,0.0583558396041645,0.564913586228224,TRUE,0.60559585545849,0.39440414454151
"83",2025-06-11,86,-3.13,0.3823,0.4519,0.3823,0,NA,-1.95,0.0696000000000001,3,"Fresh - Wet paper towel",-2.72,0.41,10,0.1625,1.35261538461538,0.999604354708132,4,0.0583558396041645,0.564913586228224,TRUE,0.546204222526779,0.453795777473221
"84",2025-06-11,86,-3.57,0.3506,0.4519,0.3506,0,NA,-1.95,0.1013,3,"Fresh - Wet paper towel",-3.13,0.44,10,0.1625,1.15753846153846,0.999604354708132,4,0.0583558396041645,0.564913586228224,FALSE,0.467429546211498,0.532570453788502
"85",2025-06-11,86,-3.65,0.3369,0.4519,0.3369,0,NA,-1.95,0.115,3,"Fresh - Wet paper towel",-3.57,0.0800000000000001,10,0.1625,1.07323076923077,0.999604354708132,4,0.0583558396041645,0.564913586228224,FALSE,0.433384970012149,0.566615029987851
"86",2025-06-11,90,-2.45,0.2979,0.2979,0.2979,0,NA,-2.45,0,3,"Fresh - Wet paper towel",NA,NA,11,0.1223,1.4358135731807,0.969443856225488,5,0.0257427688851446,0.362660848076383,TRUE,0.730568232743949,0.269431767256051
"87",2025-06-11,90,-3.17,0.2857,0.2979,0.2857,0,NA,-2.45,0.0122,3,"Fresh - Wet paper towel",-2.45,0.72,11,0.1223,1.33605887162715,0.969443856225488,5,0.0257427688851446,0.362660848076383,TRUE,0.679811214295907,0.320188785704093
"88",2025-06-11,90,-3.31,0.2757,0.2979,0.2757,0,"pv(""91"", plotonly = TRUE)",-2.45,0.0222,3,"Fresh - Wet paper towel",-3.17,0.14,11,0.1223,1.25429272281276,0.969443856225488,5,0.0257427688851446,0.362660848076383,TRUE,0.638207100813906,0.361792899186094
"89",2025-06-11,90,-3.82,0.2646,0.2979,0.2646,0,NA,-2.45,0.0333,3,"Fresh - Wet paper towel",-3.31,0.51,11,0.1223,1.16353229762878,0.969443856225488,5,0.0257427688851446,0.362660848076383,TRUE,0.592026534848884,0.407973465151116
"90",2025-06-11,90,-3.95,0.2595,0.2979,0.2595,0,NA,-2.45,0.0384,3,"Fresh - Wet paper towel",-3.82,0.13,11,0.1223,1.12183156173344,0.969443856225488,5,0.0257427688851446,0.362660848076383,TRUE,0.570808436973063,0.429191563026937
"91",2025-06-11,91,-2.99,0.2084,0.2084,0.2084,0,NA,-2.99,0,3,"Fresh - Wet paper towel",NA,NA,12,0.1177,0.770603228547154,0.97005156559271,7,0.0178936665007847,0.2630658131723,TRUE,0.62394312679622,0.37605687320378
"92",2025-06-11,91,-3.21,0.2067,0.2084,0.2067,0,NA,-2.99,0.0017,3,"Fresh - Wet paper towel",-2.99,0.22,12,0.1177,0.756159728122345,0.97005156559271,7,0.0178936665007847,0.2630658131723,TRUE,0.612248492666632,0.387751507333368
"93",2025-06-11,91,-3.5,0.2003,0.2084,0.2003,0,NA,-2.99,0.00809999999999999,3,"Fresh - Wet paper towel",-3.21,0.29,12,0.1177,0.7017841971113,0.97005156559271,7,0.0178936665007847,0.2630658131723,TRUE,0.568221634767009,0.431778365232991
"94",2025-06-11,91,-3.82,0.1986,0.2084,0.1986,0,NA,-2.99,0.0098,3,"Fresh - Wet paper towel",-3.5,0.32,12,0.1177,0.687340696686491,0.97005156559271,7,0.0178936665007847,0.2630658131723,TRUE,0.556527000637422,0.443472999362578
"95",2025-06-11,91,-3.88,0.1909,0.2084,0.1909,0,NA,-2.99,0.0175,3,"Fresh - Wet paper towel",-3.82,0.0600000000000001,12,0.1177,0.621920135938827,0.97005156559271,7,0.0178936665007847,0.2630658131723,TRUE,0.503557187226938,0.496442812773062
"96",2025-06-11,91,-4.51,0.1805,0.2084,0.1805,0,NA,-2.99,0.0279,3,"Fresh - Wet paper towel",-3.88,0.63,12,0.1177,0.533559898045879,0.97005156559271,7,0.0178936665007847,0.2630658131723,TRUE,0.432013543140051,0.567986456859949
"97",2025-06-11,91,-4.98,0.1749,0.2084,0.1749,0,NA,-2.99,0.0335,3,"Fresh - Wet paper towel",-4.51,0.470000000000001,12,0.1177,0.485981308411215,0.97005156559271,7,0.0178936665007847,0.2630658131723,TRUE,0.393490042477881,0.606509957522119
"98",2025-06-17,122,-1.15,0.5211,0.5248,0.5211,0,NA,-1.05,0.00370000000000003,4,"Fresh - Wet paper towel",NA,NA,13,0.2298,1.26762402088773,0.950357781777564,4,0.0155518269947799,0.537357084265473,TRUE,0.947141245976176,0.0528587540238239
"99",2025-06-17,122,-1.42,0.513,0.5248,0.513,0,NA,-1.05,0.0118,4,"Fresh - Wet paper towel",-1.15,0.27,13,0.2298,1.23237597911227,0.950357781777564,4,0.0155518269947799,0.537357084265473,TRUE,0.920804671680237,0.0791953283197628
"100",2025-06-17,122,-2.32,0.5035,0.5248,0.5035,0,NA,-1.05,0.0213000000000001,4,"Fresh - Wet paper towel",-1.42,0.9,13,0.2298,1.19103568320278,0.950357781777564,4,0.0155518269947799,0.537357084265473,TRUE,0.889916096888704,0.110083903111296
"101",2025-06-17,122,-2.41,0.4983,0.5248,0.4983,0,NA,-1.05,0.0265,4,"Fresh - Wet paper towel",-2.32,0.0900000000000003,13,0.2298,1.16840731070496,0.950357781777564,4,0.0155518269947799,0.537357084265473,TRUE,0.873008666476496,0.126991333523504
"102",2025-06-17,122,-2.5,0.4935,0.5248,0.4935,0,NA,-1.05,0.0313000000000001,4,"Fresh - Wet paper towel",-2.41,0.0899999999999999,13,0.2298,1.14751958224543,0.950357781777564,4,0.0155518269947799,0.537357084265473,FALSE,0.857401807634458,0.142598192365542
"103",2025-06-17,122,-2.65,0.4881,0.5248,0.4881,0,NA,-1.05,0.0367000000000001,4,"Fresh - Wet paper towel",-2.5,0.15,13,0.2298,1.12402088772846,0.950357781777564,4,0.0155518269947799,0.537357084265473,FALSE,0.839844091437165,0.160155908562835
"104",2025-06-17,122,-2.85,0.4826,0.5248,0.4826,0,NA,-1.05,0.0422000000000001,4,"Fresh - Wet paper towel",-2.65,0.2,13,0.2298,1.10008703220191,0.950357781777564,4,0.0155518269947799,0.537357084265473,FALSE,0.82196123234733,0.17803876765267
"105",2025-06-17,122,-3.05,0.4703,0.5248,0.4693,0,NA,-1.05,0.0545,4,"Fresh - Wet paper towel",-2.85,0.2,13,0.2298,1.04656222802437,0.950357781777564,4,0.0155518269947799,0.537357084265473,FALSE,0.781968656564608,0.218031343435392
"106",2025-06-17,122,-3.4,0.4575,0.5248,0.4575,0,NA,-1.05,0.0673,4,"Fresh - Wet paper towel",-3.05,0.35,13,0.2298,0.990861618798956,0.950357781777564,4,0.0155518269947799,0.537357084265473,FALSE,0.740350366319174,0.259649633680826
"107",2025-06-17,122,-3.63,0.4457,0.5248,0.4457,0,NA,-1.05,0.0791000000000001,4,"Fresh - Wet paper towel",-3.4,0.23,13,0.2298,0.939512619669278,0.950357781777564,4,0.0155518269947799,0.537357084265473,FALSE,0.701983504999164,0.298016495000836
"108",2025-06-17,122,-3.74,0.4377,0.5248,0.4377,0,NA,-1.05,0.0871000000000001,4,"Fresh - Wet paper towel",-3.63,0.11,13,0.2298,0.904699738903394,0.950357781777564,4,0.0155518269947799,0.537357084265473,FALSE,0.675972073595767,0.324027926404233
"109",2025-06-17,122,-4.03,0.4275,0.5248,0.4275,0,NA,-1.05,0.0973,4,"Fresh - Wet paper towel",-3.74,0.29,13,0.2298,0.860313315926893,0.950357781777564,4,0.0155518269947799,0.537357084265473,FALSE,0.642807498556437,0.357192501443563
"110",2025-06-17,16,-0.33,0.655,0.655,0.655,0,NA,-0.33,0,4,"Rehydrated",NA,NA,14,0.2443,1.68112975849366,0.995603957276431,4,0.0494331065759639,0.671918367346939,TRUE,0.960435826337617,0.0395641736623827
"111",2025-06-17,16,-0.53,0.6466,0.655,0.6466,0,NA,-0.33,0.00840000000000007,4,"Rehydrated",-0.33,0.2,14,0.2443,1.64674580433893,0.995603957276431,4,0.0494331065759639,0.671918367346939,TRUE,0.940792142526475,0.0592078574735247
"112",2025-06-17,16,-0.65,0.64,0.655,0.64,0,NA,-0.33,0.015,4,"Rehydrated",-0.53,0.12,14,0.2443,1.61972984036021,0.995603957276431,4,0.0494331065759639,0.671918367346939,TRUE,0.925357819532007,0.0746421804679933
"113",2025-06-17,16,-0.83,0.6304,0.655,0.6304,0,NA,-0.33,0.0246000000000001,4,"Rehydrated",-0.65,0.18,14,0.2443,1.58043389275481,0.995603957276431,4,0.0494331065759639,0.671918367346939,TRUE,0.902907895176416,0.0970921048235842
"114",2025-06-17,16,-1.33,0.6134,0.655,0.6134,0,NA,-0.33,0.0416000000000001,4,"Rehydrated",-0.83,0.5,14,0.2443,1.51084731887024,0.995603957276431,4,0.0494331065759639,0.671918367346939,FALSE,0.863152820796724,0.136847179203276
"115",2025-06-17,16,-1.71,0.5946,0.655,0.5946,0,NA,-0.33,0.0604,4,"Rehydrated",-1.33,0.38,14,0.2443,1.43389275480966,0.995603957276431,4,0.0494331065759639,0.671918367346939,FALSE,0.819188385600359,0.180811614399641
"116",2025-06-17,16,-1.92,0.582,0.655,0.582,0,NA,-0.33,0.0730000000000001,4,"Rehydrated",-1.71,0.21,14,0.2443,1.38231682357757,0.995603957276431,4,0.0494331065759639,0.671918367346939,FALSE,0.789722859883646,0.210277140116354
"117",2025-06-17,16,-2.11,0.5696,0.655,0.5696,0,NA,-0.33,0.0854,4,"Rehydrated",-1.92,0.19,14,0.2443,1.33155955792059,0.995603957276431,4,0.0494331065759639,0.671918367346939,FALSE,0.760725040924341,0.239274959075659
"118",2025-06-17,16,-2.26,0.5456,0.655,0.5456,0,NA,-0.33,0.1094,4,"Rehydrated",-2.11,0.15,14,0.2443,1.23331968890708,0.995603957276431,4,0.0494331065759639,0.671918367346939,FALSE,0.704600230035364,0.295399769964636
"119",2025-06-17,16,-2.43,0.5336,0.655,0.5336,0,NA,-0.33,0.1214,4,"Rehydrated",-2.26,0.17,14,0.2443,1.18419975440033,0.995603957276431,4,0.0494331065759639,0.671918367346939,FALSE,0.676537824590876,0.323462175409124
"120",2025-06-17,16,-2.52,0.5174,0.655,0.5174,0,NA,-0.33,0.1376,4,"Rehydrated",-2.43,0.0899999999999999,14,0.2443,1.11788784281621,0.995603957276431,4,0.0494331065759639,0.671918367346939,FALSE,0.638653577240816,0.361346422759184
"121",2025-06-17,16,-2.71,0.5078,0.655,0.5078,0,NA,-0.33,0.1472,4,"Rehydrated",-2.52,0.19,14,0.2443,1.07859189521081,0.995603957276431,4,0.0494331065759639,0.671918367346939,FALSE,0.616203652885226,0.383796347114774
"122",2025-06-17,16,-2.93,0.4902,0.655,0.4902,0,NA,-0.33,0.1648,4,"Rehydrated",-2.71,0.22,14,0.2443,1.0065493246009,0.995603957276431,4,0.0494331065759639,0.671918367346939,FALSE,0.575045458233309,0.424954541766691
"123",2025-06-17,39,-1.71,0.3388,0.3388,0.3388,0,NA,-1.71,0,4,"Fresh - Wet paper towel",NA,NA,15,0.1462,1.31737346101231,0.930475896356119,9,0.0160205059920106,0.362251503476846,TRUE,0.891454106546595,0.108545893453405
"124",2025-06-17,39,-1.81,0.3308,0.3388,0.3308,0,NA,-1.71,0.008,4,"Fresh - Wet paper towel",-1.71,0.1,15,0.1462,1.26265389876881,0.930475896356119,9,0.0160205059920106,0.362251503476846,TRUE,0.85442589859035,0.14557410140965
"125",2025-06-17,39,-1.96,0.3271,0.3388,0.3271,0,NA,-1.71,0.0117,4,"Fresh - Wet paper towel",-1.81,0.15,15,0.1462,1.23734610123119,0.930475896356119,9,0.0160205059920106,0.362251503476846,TRUE,0.837300352410587,0.162699647589413
"126",2025-06-17,39,-2.37,0.3236,0.3388,0.3236,0,"pv(""46"")",-1.71,0.0152,4,"Fresh - Wet paper towel",-1.96,0.41,15,0.1462,1.21340629274966,0.930475896356119,9,0.0160205059920106,0.362251503476846,TRUE,0.82110051142973,0.17889948857027
"127",2025-06-17,39,-2.7,0.3212,0.3388,0.3212,0,NA,-1.71,0.0176,4,"Fresh - Wet paper towel",-2.37,0.33,15,0.1462,1.19699042407661,0.930475896356119,9,0.0160205059920106,0.362251503476846,TRUE,0.809992049042856,0.190007950957144
"128",2025-06-17,39,-2.97,0.3171,0.3388,0.3171,0,NA,-1.71,0.0217,4,"Fresh - Wet paper towel",-2.7,0.27,15,0.1462,1.16894664842681,0.930475896356119,9,0.0160205059920106,0.362251503476846,TRUE,0.791015092465281,0.208984907534719
"129",2025-06-17,39,-3.25,0.3131,0.3388,0.3131,0,NA,-1.71,0.0257,4,"Fresh - Wet paper towel",-2.97,0.28,15,0.1462,1.14158686730506,0.930475896356119,9,0.0160205059920106,0.362251503476846,TRUE,0.772500988487159,0.227499011512841
"130",2025-06-17,39,-3.32,0.3085,0.3388,0.3085,0,NA,-1.71,0.0303,4,"Fresh - Wet paper towel",-3.25,0.0699999999999998,15,0.1462,1.11012311901505,0.930475896356119,9,0.0160205059920106,0.362251503476846,TRUE,0.751209768912318,0.248790231087682
"131",2025-06-17,39,-3.49,0.3023,0.3388,0.3023,0,NA,-1.71,0.0365,4,"Fresh - Wet paper towel",-3.32,0.17,15,0.1462,1.06771545827633,0.930475896356119,9,0.0160205059920106,0.362251503476846,TRUE,0.722512907746228,0.277487092253772
"132",2025-06-17,39,-3.79,0.2901,0.3388,0.2901,0,NA,-1.71,0.0487,4,"Fresh - Wet paper towel",-3.49,0.3,15,0.1462,0.984268125854993,0.930475896356119,9,0.0160205059920106,0.362251503476846,FALSE,0.666044890612955,0.333955109387045
"133",2025-06-17,39,-3.98,0.282,0.3388,0.282,0,NA,-1.71,0.0568,4,"Fresh - Wet paper towel",-3.79,0.19,15,0.1462,0.928864569083447,0.930475896356119,9,0.0160205059920106,0.362251503476846,FALSE,0.628553830057257,0.371446169942743
"134",2025-06-17,39,-4.11,0.2774,0.3388,0.2774,0,NA,-1.71,0.0614,4,"Fresh - Wet paper towel",-3.98,0.13,15,0.1462,0.897400820793434,0.930475896356119,9,0.0160205059920106,0.362251503476846,FALSE,0.607262610482416,0.392737389517584
"135",2025-06-17,46,-1.05,0.425,0.425,0.425,0,NA,-1.05,0,4,"Rehydrated",NA,NA,16,0.1803,1.35718247365502,0.987295399412494,4,0.0259591474245114,0.452005772646536,TRUE,0.900606555453394,0.0993934445466058
"136",2025-06-17,46,-1.15,0.4216,0.425,0.4216,0,NA,-1.05,0.00340000000000001,4,"Rehydrated",-1.05,0.0999999999999999,16,0.1803,1.33832501386578,0.987295399412494,4,0.0259591474245114,0.452005772646536,TRUE,0.888093019333486,0.111906980666514
"137",2025-06-17,46,-1.25,0.4199,0.425,0.4199,0,"pv(""16"")",-1.05,0.00509999999999999,4,"Rehydrated",-1.15,0.1,16,0.1803,1.32889628397116,0.987295399412494,4,0.0259591474245114,0.452005772646536,TRUE,0.881836251273532,0.118163748726468
"138",2025-06-17,46,-1.37,0.4164,0.425,0.4164,0,NA,-1.05,0.00859999999999999,4,"Rehydrated",-1.25,0.12,16,0.1803,1.30948419301165,0.987295399412494,4,0.0259591474245114,0.452005772646536,TRUE,0.868954669973626,0.131045330026374
"139",2025-06-17,46,-1.56,0.4137,0.425,0.4137,0,NA,-1.05,0.0113,4,"Rehydrated",-1.37,0.19,16,0.1803,1.29450915141431,0.987295399412494,4,0.0259591474245114,0.452005772646536,FALSE,0.859017450113699,0.140982549886301
"140",2025-06-17,46,-1.93,0.4101,0.425,0.4101,0,NA,-1.05,0.0149,4,"Rehydrated",-1.56,0.37,16,0.1803,1.27454242928453,0.987295399412494,4,0.0259591474245114,0.452005772646536,FALSE,0.845767823633797,0.154232176366203
"141",2025-06-17,46,-2.11,0.4049,0.425,0.4049,0,NA,-1.05,0.0201,4,"Rehydrated",-1.93,0.18,16,0.1803,1.24570160843039,0.987295399412494,4,0.0259591474245114,0.452005772646536,FALSE,0.826629474273937,0.173370525726063
"142",2025-06-17,46,-2.3,0.3996,0.425,0.3996,0,NA,-1.05,0.0254,4,"Rehydrated",-2.11,0.19,16,0.1803,1.21630615640599,0.987295399412494,4,0.0259591474245114,0.452005772646536,FALSE,0.80712307973408,0.19287692026592
"143",2025-06-17,46,-2.43,0.3945,0.425,0.3945,0,NA,-1.05,0.0305,4,"Rehydrated",-2.3,0.13,16,0.1803,1.18801996672213,0.987295399412494,4,0.0259591474245114,0.452005772646536,FALSE,0.788352775554218,0.211647224445782
"144",2025-06-17,46,-2.66,0.3852,0.425,0.3852,0,"deceptive bubbling",-1.05,0.0398,4,"Rehydrated",-2.43,0.23,16,0.1803,1.13643926788686,0.987295399412494,4,0.0259591474245114,0.452005772646536,FALSE,0.754124573814469,0.245875426185531
"145",2025-06-17,46,-2.84,0.3748,0.425,0.3748,0,NA,-1.05,0.0502,4,"Rehydrated",-2.66,0.18,16,0.1803,1.07875762617859,0.987295399412494,4,0.0259591474245114,0.452005772646536,FALSE,0.71584787509475,0.28415212490525
"146",2025-06-17,46,-3,0.3639,0.425,0.3639,0,NA,-1.05,0.0611,4,"Rehydrated",-2.84,0.16,16,0.1803,1.01830282861897,0.987295399412494,4,0.0259591474245114,0.452005772646536,FALSE,0.675730950475044,0.324269049524956
"147",2025-06-17,46,-3.24,0.3546,0.425,0.3546,0,NA,-1.05,0.0704,4,"Rehydrated",-3,0.24,16,0.1803,0.966722129783694,0.987295399412494,4,0.0259591474245114,0.452005772646536,FALSE,0.641502748735295,0.358497251264705
"148",2025-06-17,5,-0.99,0.5218,0.5218,0.5218,0,NA,-0.99,0,4,"Rehydrated",NA,NA,17,0.2184,1.38919413919414,0.997282690061984,3,0.0198910081743882,0.541546049046323,TRUE,0.938894351007546,0.061105648992454
"149",2025-06-17,5,-1.12,0.5194,0.5218,0.5194,0,NA,-0.99,0.00240000000000006,4,"Rehydrated",-0.99,0.13,17,0.2184,1.37820512820513,0.997282690061984,3,0.0198910081743882,0.541546049046323,TRUE,0.931467368666023,0.0685326313339774
"150",2025-06-17,5,-1.21,0.5174,0.5218,0.5174,0,NA,-0.99,0.00440000000000007,4,"Rehydrated",-1.12,0.0899999999999999,17,0.2184,1.36904761904762,0.997282690061984,3,0.0198910081743882,0.541546049046323,TRUE,0.925278216714753,0.0747217832852466
"151",2025-06-17,5,-1.57,0.5136,0.5218,0.5136,0,NA,-0.99,0.00820000000000009,4,"Rehydrated",-1.21,0.36,17,0.2184,1.35164835164835,0.997282690061984,3,0.0198910081743882,0.541546049046323,FALSE,0.913518828007342,0.0864811719926583
"152",2025-06-17,5,-1.85,0.51,0.5218,0.51,0,NA,-0.99,0.0118,4,"Rehydrated",-1.57,0.28,17,0.2184,1.33516483516483,0.997282690061984,3,0.0198910081743882,0.541546049046323,FALSE,0.902378354495057,0.0976216455049427
"153",2025-06-17,5,-2.05,0.5043,0.5218,0.5043,0,NA,-0.99,0.0175000000000001,4,"Rehydrated",-1.85,0.2,17,0.2184,1.30906593406593,0.997282690061984,3,0.0198910081743882,0.541546049046323,FALSE,0.88473927143394,0.11526072856606
"154",2025-06-17,5,-2.21,0.5001,0.5218,0.5001,0,NA,-0.99,0.0217,4,"Rehydrated",-2.05,0.16,17,0.2184,1.28983516483516,0.997282690061984,3,0.0198910081743882,0.541546049046323,FALSE,0.871742052336274,0.128257947663726
"155",2025-06-17,5,-2.42,0.4946,0.5218,0.4946,0,NA,-0.99,0.0272000000000001,4,"Rehydrated",-2.21,0.21,17,0.2184,1.26465201465201,0.997282690061984,3,0.0198910081743882,0.541546049046323,FALSE,0.854721884470284,0.145278115529716
"156",2025-06-17,5,-2.48,0.4875,0.5218,0.4875,0,NA,-0.99,0.0343000000000001,4,"Rehydrated",-2.42,0.0600000000000001,17,0.2184,1.23214285714286,0.997282690061984,3,0.0198910081743882,0.541546049046323,FALSE,0.832750395043278,0.167249604956722
"157",2025-06-17,5,-2.86,0.4707,0.5218,0.4707,0,NA,-0.99,0.0511,4,"Rehydrated",-2.48,0.38,17,0.2184,1.15521978021978,0.997282690061984,3,0.0198910081743882,0.541546049046323,FALSE,0.780761518652616,0.219238481347384
"158",2025-06-17,5,-2.98,0.458,0.5218,0.458,0,NA,-0.99,0.0638,4,"Rehydrated",-2.86,0.12,17,0.2184,1.0970695970696,0.997282690061984,3,0.0198910081743882,0.541546049046323,FALSE,0.741460403762057,0.258539596237943
"159",2025-06-17,5,-3.1,0.4505,0.5218,0.4505,0,NA,-0.99,0.0713,4,"Rehydrated",-2.98,0.12,17,0.2184,1.06272893772894,0.997282690061984,3,0.0198910081743882,0.541546049046323,FALSE,0.718251083944797,0.281748916055203
"160",2025-06-17,5,-3.34,0.4367,0.5218,0.4367,0,NA,-0.99,0.0851000000000001,4,"Rehydrated",-3.1,0.24,17,0.2184,0.999542124542124,0.997282690061984,3,0.0198910081743882,0.541546049046323,FALSE,0.675545935481039,0.324454064518961
"161",2025-06-17,69,-1.84,0.3327,0.3327,0.3327,0,NA,-1.84,0,4,"Fresh - Wet paper towel",NA,NA,18,0.1697,0.960518562168533,0.988714046223302,12,0.019769037559204,0.369207320463345,TRUE,0.817012627012589,0.182987372987411
"162",2025-06-17,69,-2.23,0.329,0.3327,0.329,0,NA,-1.84,0.00369999999999998,4,"Fresh - Wet paper towel",-1.84,0.39,18,0.1697,0.938715380082499,0.988714046223302,12,0.019769037559204,0.369207320463345,TRUE,0.798466941614144,0.201533058385856
"163",2025-06-17,69,-2.31,0.3229,0.3327,0.3229,0,NA,-1.84,0.00979999999999997,4,"Fresh - Wet paper towel",-2.23,0.0800000000000001,18,0.1697,0.902769593400118,0.988714046223302,12,0.019769037559204,0.369207320463345,TRUE,0.767891622443734,0.232108377556266
"164",2025-06-17,69,-2.64,0.317,0.3327,0.317,0,NA,-1.84,0.0157,4,"Fresh - Wet paper towel",-2.31,0.33,18,0.1697,0.868002357100766,0.988714046223302,12,0.019769037559204,0.369207320463345,TRUE,0.738318772754321,0.261681227245679
"165",2025-06-17,69,-2.75,0.3144,0.3327,0.3144,0,NA,-1.84,0.0183,4,"Fresh - Wet paper towel",-2.64,0.11,18,0.1697,0.852681202121391,0.988714046223302,12,0.019769037559204,0.369207320463345,TRUE,0.72528666950136,0.27471333049864
"166",2025-06-17,69,-2.9,0.3099,0.3327,0.3099,0,NA,-1.84,0.0228,4,"Fresh - Wet paper towel",-2.75,0.15,18,0.1697,0.826163818503241,0.988714046223302,12,0.019769037559204,0.369207320463345,TRUE,0.702731106178926,0.297268893821074
"167",2025-06-17,69,-3.33,0.3048,0.3327,0.3048,0,NA,-1.84,0.0279,4,"Fresh - Wet paper towel",-2.9,0.43,18,0.1697,0.796110783736005,0.988714046223302,12,0.019769037559204,0.369207320463345,TRUE,0.677168134413502,0.322831865586498
"168",2025-06-17,69,-3.39,0.299,0.3327,0.299,0,NA,-1.84,0.0337,4,"Fresh - Wet paper towel",-3.33,0.0600000000000001,18,0.1697,0.761932822628167,0.988714046223302,12,0.019769037559204,0.369207320463345,TRUE,0.648096519464587,0.351903480535413
"169",2025-06-17,69,-3.85,0.2911,0.3327,0.2911,0,NA,-1.84,0.0416,4,"Fresh - Wet paper towel",-3.39,0.46,18,0.1697,0.715380082498527,0.988714046223302,12,0.019769037559204,0.369207320463345,TRUE,0.608498974965205,0.391501025034795
"170",2025-06-17,69,-4.38,0.2857,0.3327,0.2857,0,NA,-1.84,0.047,4,"Fresh - Wet paper towel",-3.85,0.53,18,0.1697,0.683559222156747,0.988714046223302,12,0.019769037559204,0.369207320463345,TRUE,0.581432298978284,0.418567701021716
"171",2025-06-17,69,-4.56,0.2781,0.3327,0.2781,0,NA,-1.84,0.0546,4,"Fresh - Wet paper towel",-4.38,0.18,18,0.1697,0.63877430760165,0.988714046223302,12,0.019769037559204,0.369207320463345,TRUE,0.543338458700397,0.456661541299603
"172",2025-06-17,69,-4.84,0.2745,0.3327,0.2745,0,NA,-1.84,0.0582,4,"Fresh - Wet paper towel",-4.56,0.28,18,0.1697,0.61756040070713,0.988714046223302,12,0.019769037559204,0.369207320463345,TRUE,0.52529400804245,0.47470599195755
"173",2025-06-24,101,-0.8,0.2766,0.2766,0.2766,0,NA,-0.8,0,5,"Rehydrated",NA,NA,19,0.1091,1.53528872593951,0.997342781047456,5,0.00678202843287609,0.281918021303933,TRUE,0.969227623000146,0.030772376999854
"174",2025-06-24,101,-1.07,0.2747,0.2766,0.2747,0,NA,-0.8,0.00190000000000001,5,"Rehydrated",-0.8,0.27,19,0.1091,1.51787351054079,0.997342781047456,5,0.00678202843287609,0.281918021303933,TRUE,0.958233399216861,0.0417666007831393
"175",2025-06-24,101,-1.14,0.2739,0.2766,0.2739,0,NA,-0.8,0.00270000000000003,5,"Rehydrated",-1.07,0.0699999999999998,19,0.1091,1.51054078826764,0.997342781047456,5,0.00678202843287609,0.281918021303933,TRUE,0.95360425236074,0.0463957476392596
"176",2025-06-24,101,-1.47,0.2721,0.2766,0.2721,0,NA,-0.8,0.0045,5,"Rehydrated",-1.14,0.33,19,0.1091,1.49404216315307,0.997342781047456,5,0.00678202843287609,0.281918021303933,TRUE,0.94318867193447,0.0568113280655296
"177",2025-06-24,101,-2.08,0.2678,0.2766,0.2678,0,NA,-0.8,0.00880000000000003,5,"Rehydrated",-1.47,0.61,19,0.1091,1.45462878093492,0.997342781047456,5,0.00678202843287609,0.281918021303933,TRUE,0.918307007582825,0.0816929924171753
"178",2025-06-24,101,-2.37,0.2664,0.2766,0.2664,0,NA,-0.8,0.0102,5,"Rehydrated",-2.08,0.29,19,0.1091,1.44179651695692,0.997342781047456,5,0.00678202843287609,0.281918021303933,FALSE,0.910206000584615,0.0897939994153852
"179",2025-06-24,101,-2.72,0.2615,0.2766,0.2615,0,NA,-0.8,0.0151,5,"Rehydrated",-2.37,0.35,19,0.1091,1.39688359303391,0.997342781047456,5,0.00678202843287609,0.281918021303933,FALSE,0.881852476090879,0.118147523909121
"180",2025-06-24,101,-2.87,0.2592,0.2766,0.2592,0,NA,-0.8,0.0174,5,"Rehydrated",-2.72,0.15,19,0.1091,1.37580201649862,0.997342781047456,5,0.00678202843287609,0.281918021303933,FALSE,0.868543678879534,0.131456321120466
"181",2025-06-24,101,-3.1,0.2533,0.2766,0.2533,0,NA,-0.8,0.0233,5,"Rehydrated",-2.87,0.23,19,0.1091,1.32172318973419,0.997342781047456,5,0.00678202843287609,0.281918021303933,FALSE,0.834403720815648,0.165596279184352
"182",2025-06-24,101,-3.25,0.2447,0.2766,0.2447,0,NA,-0.8,0.0319,5,"Rehydrated",-3.1,0.15,19,0.1091,1.24289642529789,0.997342781047456,5,0.00678202843287609,0.281918021303933,FALSE,0.784640392112357,0.215359607887643
"183",2025-06-24,101,-3.61,0.2384,0.2766,0.2384,0,NA,-0.8,0.0382,5,"Rehydrated",-3.25,0.36,19,0.1091,1.18515123739688,0.997342781047456,5,0.00678202843287609,0.281918021303933,FALSE,0.748185860620411,0.251814139379589
"184",2025-06-24,101,-3.79,0.2309,0.2766,0.2309,0,NA,-0.8,0.0457,5,"Rehydrated",-3.61,0.18,19,0.1091,1.11640696608616,0.997342781047456,5,0.00678202843287609,0.281918021303933,FALSE,0.704787608844285,0.295212391155715
"185",2025-06-24,101,-4.15,0.2193,0.2766,0.2193,0,NA,-0.8,0.0573,5,"Rehydrated",-3.79,0.36,19,0.1091,1.01008249312557,0.997342781047456,5,0.00678202843287609,0.281918021303933,FALSE,0.637664979430544,0.362335020569456
"186",2025-06-24,51,-1.1,0.4297,0.4297,0.4297,0,NA,-1.1,0,5,"Rehydrated",NA,NA,20,0.1965,1.18676844783715,0.980987201975139,8,0.0110018570210579,0.441002043891101,TRUE,0.953775258025511,0.0462247419744886
"187",2025-06-24,51,-1.17,0.4289,0.4297,0.4289,0,NA,-1.1,0.000800000000000023,5,"Rehydrated",-1.1,0.0699999999999998,20,0.1965,1.18269720101781,0.980987201975139,8,0.0110018570210579,0.441002043891101,TRUE,0.950503301737259,0.0494966982627408
"188",2025-06-24,51,-1.26,0.426,0.4297,0.426,0,NA,-1.1,0.00370000000000003,5,"Rehydrated",-1.17,0.0900000000000001,20,0.1965,1.16793893129771,0.980987201975139,8,0.0110018570210579,0.441002043891101,TRUE,0.938642460192345,0.061357539807655
"189",2025-06-24,51,-1.4,0.4244,0.4297,0.4244,0,NA,-1.1,0.00530000000000002,5,"Rehydrated",-1.26,0.14,20,0.1965,1.15979643765903,0.980987201975139,8,0.0110018570210579,0.441002043891101,TRUE,0.932098547615841,0.0679014523841593
"190",2025-06-24,51,-1.71,0.4226,0.4297,0.4226,0,NA,-1.1,0.00710000000000005,5,"Rehydrated",-1.4,0.31,20,0.1965,1.15063613231552,0.980987201975139,8,0.0110018570210579,0.441002043891101,TRUE,0.924736645967273,0.0752633540327269
"191",2025-06-24,51,-2.1,0.4177,0.4297,0.4177,0,NA,-1.1,0.012,5,"Rehydrated",-1.71,0.39,20,0.1965,1.12569974554707,0.980987201975139,8,0.0110018570210579,0.441002043891101,TRUE,0.904695913701729,0.0953040862982714
"192",2025-06-24,51,-2.54,0.4146,0.4297,0.4146,0,NA,-1.1,0.0151,5,"Rehydrated",-2.1,0.44,20,0.1965,1.10992366412214,0.980987201975139,8,0.0110018570210579,0.441002043891101,TRUE,0.892017083084751,0.107982916915249
"193",2025-06-24,51,-2.91,0.408,0.4297,0.408,0,NA,-1.1,0.0217,5,"Rehydrated",-2.54,0.37,20,0.1965,1.0763358778626,0.980987201975139,8,0.0110018570210579,0.441002043891101,TRUE,0.865023443706671,0.134976556293329
"194",2025-06-24,51,-2.99,0.4039,0.4297,0.4039,0,NA,-1.1,0.0258,5,"Rehydrated",-2.91,0.0800000000000001,20,0.1965,1.05547073791349,0.980987201975139,8,0.0110018570210579,0.441002043891101,FALSE,0.848254667729378,0.151745332270622
"195",2025-06-24,51,-3.24,0.3927,0.4297,0.3927,0,NA,-1.1,0.037,5,"Rehydrated",-2.99,0.25,20,0.1965,0.998473282442748,0.980987201975139,8,0.0110018570210579,0.441002043891101,FALSE,0.802447279693848,0.197552720306152
"196",2025-06-24,51,-3.46,0.3831,0.4297,0.3831,0,NA,-1.1,0.0466,5,"Rehydrated",-3.24,0.22,20,0.1965,0.949618320610687,0.980987201975139,8,0.0110018570210579,0.441002043891101,FALSE,0.763183804234822,0.236816195765178
"197",2025-06-24,51,-3.75,0.3698,0.4297,0.3698,0,NA,-1.1,0.0599,5,"Rehydrated",-3.46,0.29,20,0.1965,0.881933842239186,0.980987201975139,8,0.0110018570210579,0.441002043891101,FALSE,0.708787530942629,0.291212469057371
"198",2025-06-24,51,-4.03,0.3611,0.4297,0.3611,0,NA,-1.1,0.0686,5,"Rehydrated",-3.75,0.28,20,0.1965,0.83765903307888,0.980987201975139,8,0.0110018570210579,0.441002043891101,FALSE,0.673205006307886,0.326794993692114
"199",2025-06-24,56,-2.3,0.5021,0.5027,0.5021,0,NA,-2.17,0.000600000000000045,5,"Fresh",NA,NA,21,0.2432,1.06455592105263,0.985187438627999,9,0.0389922804089296,0.590579685652688,TRUE,0.745294013130203,0.254705986869797
"200",2025-06-24,56,-2.4,0.4926,0.5027,0.4926,0,NA,-2.17,0.0101,5,"Fresh",-2.3,0.1,21,0.2432,1.02549342105263,0.985187438627999,9,0.0389922804089296,0.590579685652688,TRUE,0.717946415120404,0.282053584879596
"201",2025-06-24,56,-2.73,0.4871,0.5027,0.4871,0,NA,-2.17,0.0156,5,"Fresh",-2.4,0.33,21,0.2432,1.00287828947368,0.985187438627999,9,0.0389922804089296,0.590579685652688,TRUE,0.702113595219994,0.297886404780006
"202",2025-06-24,56,-2.84,0.4835,0.5027,0.4835,0,NA,-2.17,0.0192000000000001,5,"Fresh",-2.73,0.11,21,0.2432,0.988075657894737,0.985187438627999,9,0.0389922804089296,0.590579685652688,TRUE,0.691750294921544,0.308249705078456
"203",2025-06-24,56,-2.92,0.4754,0.5027,0.4754,0,NA,-2.17,0.0273,5,"Fresh",-2.84,0.0800000000000001,21,0.2432,0.954769736842105,0.985187438627999,9,0.0389922804089296,0.590579685652688,TRUE,0.668432869250032,0.331567130749968
"204",2025-06-24,56,-3.04,0.4691,0.5027,0.4691,0,NA,-2.17,0.0336,5,"Fresh",-2.92,0.12,21,0.2432,0.928865131578947,0.985187438627999,9,0.0389922804089296,0.590579685652688,TRUE,0.650297093727744,0.349702906272256
"205",2025-06-24,56,-3.53,0.4544,0.5027,0.4544,0,NA,-2.17,0.0483,5,"Fresh",-3.04,0.49,21,0.2432,0.868421052631579,0.985187438627999,9,0.0389922804089296,0.590579685652688,TRUE,0.607980284175739,0.392019715824261
"206",2025-06-24,56,-3.77,0.4455,0.5027,0.4455,0,NA,-2.17,0.0572,5,"Fresh",-3.53,0.24,21,0.2432,0.831825657894737,0.985187438627999,9,0.0389922804089296,0.590579685652688,TRUE,0.582359902882349,0.417640097117651
"207",2025-06-24,56,-4.04,0.4305,0.5027,0.4305,0,NA,-2.17,0.0722,5,"Fresh",-3.77,0.27,21,0.2432,0.770148026315789,0.985187438627999,9,0.0389922804089296,0.590579685652688,TRUE,0.53917948497214,0.46082051502786
"208",2025-06-24,56,-4.2,0.419,0.5027,0.419,0,NA,-2.17,0.0837000000000001,5,"Fresh",-4.04,0.16,21,0.2432,0.722861842105263,0.985187438627999,9,0.0389922804089296,0.590579685652688,FALSE,0.506074497907647,0.493925502092353
"209",2025-06-24,86,-1.25,0.5146,0.5146,0.5146,0,NA,-1.2,0,5,"Fresh",NA,NA,22,0.2187,1.35299497027892,0.975531925945244,8,0.0288788214443951,0.548995595923792,TRUE,0.895864200587984,0.104135799412016
"210",2025-06-24,86,-1.3,0.5088,0.5146,0.5088,0,NA,-1.2,0.00579999999999991,5,"Fresh",-1.25,0.05,22,0.2187,1.32647462277092,0.975531925945244,8,0.0288788214443951,0.548995595923792,TRUE,0.878304172323671,0.121695827676329
"211",2025-06-24,86,-1.4,0.5064,0.5146,0.5064,0,NA,-1.2,0.00819999999999998,5,"Fresh",-1.3,0.0999999999999999,22,0.2187,1.31550068587106,0.975531925945244,8,0.0288788214443951,0.548995595923792,TRUE,0.871037953731541,0.128962046268459
"212",2025-06-24,86,-1.95,0.4972,0.5146,0.4972,0,NA,-1.2,0.0174,5,"Fresh",-1.4,0.55,22,0.2187,1.27343392775492,0.975531925945244,8,0.0288788214443951,0.548995595923792,TRUE,0.843184115795044,0.156815884204956
"213",2025-06-24,86,-2.21,0.4867,0.5146,0.4867,0,NA,-1.2,0.0278999999999999,5,"Fresh",-1.95,0.26,22,0.2187,1.22542295381802,0.975531925945244,8,0.0288788214443951,0.548995595923792,TRUE,0.811394409454477,0.188605590545523
"214",2025-06-24,86,-2.38,0.4813,0.5146,0.4813,0,NA,-1.2,0.0332999999999999,5,"Fresh",-2.21,0.17,22,0.2187,1.20073159579332,0.975531925945244,8,0.0288788214443951,0.548995595923792,TRUE,0.795045417622186,0.204954582377814
"215",2025-06-24,86,-2.51,0.4752,0.5146,0.4752,0,NA,-1.2,0.0393999999999999,5,"Fresh",-2.38,0.13,22,0.2187,1.17283950617284,0.975531925945244,8,0.0288788214443951,0.548995595923792,TRUE,0.776577112033856,0.223422887966144
"216",2025-06-24,86,-2.64,0.4701,0.5146,0.4701,0,NA,-1.2,0.0444999999999999,5,"Fresh",-2.51,0.13,22,0.2187,1.14951989026063,0.975531925945244,8,0.0288788214443951,0.548995595923792,TRUE,0.76113639752558,0.23886360247442
"217",2025-06-24,86,-2.82,0.4609,0.5146,0.4609,0,NA,-1.2,0.0537,5,"Fresh",-2.64,0.18,22,0.2187,1.10745313214449,0.975531925945244,8,0.0288788214443951,0.548995595923792,FALSE,0.733282559589083,0.266717440410917
"218",2025-06-24,86,-2.96,0.4515,0.5146,0.4515,0,NA,-1.2,0.0630999999999999,5,"Fresh",-2.82,0.14,22,0.2187,1.06447187928669,0.975531925945244,8,0.0288788214443951,0.548995595923792,FALSE,0.704823203436576,0.295176796563424
"219",2025-06-24,86,-3.38,0.4366,0.5146,0.4366,0,NA,-1.2,0.078,5,"Fresh",-2.96,0.42,22,0.2187,0.996342021033379,0.975531925945244,8,0.0288788214443951,0.548995595923792,FALSE,0.659712096343771,0.340287903656229
"220",2025-06-24,86,-3.5,0.4243,0.5146,0.4243,0,NA,-1.2,0.0902999999999999,5,"Fresh",-3.38,0.12,22,0.2187,0.940100594421582,0.975531925945244,8,0.0288788214443951,0.548995595923792,FALSE,0.622472726059106,0.377527273940894
"221",2025-06-24,86,-3.98,0.4009,0.5146,0.4009,0,NA,-1.2,0.1137,5,"Fresh",-3.5,0.48,22,0.2187,0.833104709647919,0.975531925945244,8,0.0288788214443951,0.548995595923792,FALSE,0.551627094785842,0.448372905214158
"222",2025-06-24,86,-4.34,0.3865,0.5146,0.3865,0,NA,-1.2,0.1281,5,"Fresh",-3.98,0.36,22,0.2187,0.767261088248743,0.975531925945244,8,0.0288788214443951,0.548995595923792,FALSE,0.508029783233064,0.491970216766936
"223",2025-06-24,90,-1.35,0.6111,0.6111,0.6111,0,NA,-1.35,0,5,"Rehydrated",NA,NA,23,0.2525,1.42019801980198,0.999999402638427,3,0.0302837837837843,0.651987162162163,TRUE,0.897650873332531,0.102349126667469
"224",2025-06-24,90,-1.75,0.599,0.6111,0.599,0,NA,-1.35,0.0121,5,"Rehydrated",-1.35,0.4,23,0.2525,1.37227722772277,0.999999402638427,3,0.0302837837837843,0.651987162162163,TRUE,0.867362040183273,0.132637959816727
"225",2025-06-24,90,-2.05,0.5899,0.6111,0.5899,0,NA,-1.35,0.0212,5,"Rehydrated",-1.75,0.3,23,0.2525,1.33623762376238,0.999999402638427,3,0.0302837837837843,0.651987162162163,TRUE,0.844582835087551,0.155417164912449
"226",2025-06-24,90,-2.29,0.5838,0.6111,0.5938,0,NA,-1.35,0.0273,5,"Rehydrated",-2.05,0.24,23,0.2525,1.31207920792079,0.999999402638427,3,0.0302837837837843,0.651987162162163,FALSE,0.829313258045364,0.170686741954636
"227",2025-06-24,90,-2.46,0.5746,0.6111,0.5746,0,NA,-1.35,0.0365,5,"Rehydrated",-2.29,0.17,23,0.2525,1.27564356435644,0.999999402638427,3,0.0302837837837843,0.651987162162163,FALSE,0.806283732014523,0.193716267985477
"228",2025-06-24,90,-2.6,0.5679,0.6111,0.5679,0,NA,-1.35,0.0432,5,"Rehydrated",-2.46,0.14,23,0.2525,1.24910891089109,0.999999402638427,3,0.0302837837837843,0.651987162162163,FALSE,0.789512229361629,0.210487770638371
"229",2025-06-24,90,-2.76,0.5559,0.6111,0.5559,0,NA,-1.35,0.0552,5,"Rehydrated",-2.6,0.16,23,0.2525,1.20158415841584,0.999999402638427,3,0.0302837837837843,0.651987162162163,FALSE,0.759473717147489,0.240526282852511
"230",2025-06-24,90,-2.84,0.5438,0.6111,0.5438,0,NA,-1.35,0.0673,5,"Rehydrated",-2.76,0.0800000000000001,23,0.2525,1.15366336633663,0.999999402638427,3,0.0302837837837843,0.651987162162163,FALSE,0.729184883998232,0.270815116001768
"231",2025-06-24,90,-3.16,0.5263,0.6111,0.5263,0,NA,-1.35,0.0848,5,"Rehydrated",-2.84,0.32,23,0.2525,1.08435643564356,0.999999402638427,3,0.0302837837837843,0.651987162162163,FALSE,0.685378720352613,0.314621279647387
"232",2025-06-24,90,-3.42,0.5053,0.6111,0.5053,0,NA,-1.35,0.1058,5,"Rehydrated",-3.16,0.26,23,0.2525,1.00118811881188,0.999999402638427,3,0.0302837837837843,0.651987162162163,FALSE,0.632811323977869,0.367188676022131
"233",2025-06-24,90,-4.14,0.4679,0.6111,0.4679,0,NA,-1.35,0.1432,5,"Rehydrated",-3.42,0.72,23,0.2525,0.853069306930693,0.999999402638427,3,0.0302837837837843,0.651987162162163,FALSE,0.539191294243801,0.460808705756199
"234",2025-06-24,90,-4.51,0.4467,0.6111,0.4467,0,NA,-1.35,0.1644,5,"Rehydrated",-4.14,0.37,23,0.2525,0.769108910891089,0.999999402638427,3,0.0302837837837843,0.651987162162163,FALSE,0.486123255998822,0.513876744001178
"235",2025-06-24,91,-3.27,0.3646,0.3646,0.3646,0,NA,-3.16,0,5,"Fresh",NA,NA,24,0.1899,0.919957872564507,0.922149949759069,8,0.0291514074176345,0.448129423744024,TRUE,0.676530185704846,0.323469814295154
"236",2025-06-24,91,-3.3,0.3463,0.3646,0.3463,0,NA,-3.16,0.0183,5,"Fresh",-3.27,0.0299999999999998,24,0.1899,0.823591363875724,0.922149949759069,8,0.0291514074176345,0.448129423744024,TRUE,0.60566297106032,0.39433702893968
"237",2025-06-24,91,-3.5,0.3432,0.3646,0.3432,0,NA,-3.16,0.0214,5,"Fresh",-3.3,0.2,24,0.1899,0.807266982622433,0.922149949759069,8,0.0291514074176345,0.448129423744024,TRUE,0.593658142350045,0.406341857649955
"238",2025-06-24,91,-3.71,0.3384,0.3646,0.3384,0,NA,-3.16,0.0262,5,"Fresh",-3.5,0.21,24,0.1899,0.781990521327014,0.922149949759069,8,0.0291514074176345,0.448129423744024,TRUE,0.575070020476071,0.424929979523929
"239",2025-06-24,91,-3.78,0.3337,0.3646,0.3337,0,NA,-3.16,0.0309,5,"Fresh",-3.71,0.0699999999999998,24,0.1899,0.75724065297525,0.922149949759069,8,0.0291514074176345,0.448129423744024,TRUE,0.556869151141138,0.443130848858862
"240",2025-06-24,91,-4.34,0.3212,0.3646,0.3212,0,NA,-3.16,0.0434,5,"Fresh",-3.78,0.56,24,0.1899,0.691416535018431,0.922149949759069,8,0.0291514074176345,0.448129423744024,TRUE,0.508462583760998,0.491537416239002
"241",2025-06-24,91,-4.65,0.3154,0.3646,0.3154,0,NA,-3.16,0.0492,5,"Fresh",-4.34,0.31,24,0.1899,0.660874144286467,0.922149949759069,8,0.0291514074176345,0.448129423744024,TRUE,0.486001936496612,0.513998063503388
"242",2025-06-24,91,-4.99,0.3028,0.3646,0.3028,0,NA,-3.16,0.0618,5,"Fresh",-4.65,0.34,24,0.1899,0.594523433385993,0.922149949759069,8,0.0291514074176345,0.448129423744024,TRUE,0.437208116577431,0.562791883422569
"243",2025-07-01,122,-0.8,0.4213,0.4213,0.4213,0,NA,-0.8,0,6,"Rehydrated",NA,NA,25,0.1633,1.579914268218,0.933009779925699,12,0.0402521725241937,0.472800025772635,TRUE,0.8336025153986,0.1663974846014
"244",2025-07-01,122,-1.3,0.4195,0.4213,0.4195,0,NA,-0.8,0.00180000000000002,6,"Rehydrated",-0.8,0.5,25,0.1633,1.56889161053276,0.933009779925699,12,0.0402521725241937,0.472800025772635,TRUE,0.827786683895819,0.172213316104181
"245",2025-07-01,122,-1.45,0.4161,0.4213,0.4161,0,NA,-0.8,0.00519999999999998,6,"Rehydrated",-1.3,0.15,25,0.1633,1.54807103490508,0.933009779925699,12,0.0402521725241937,0.472800025772635,TRUE,0.816801224390566,0.183198775609434
"246",2025-07-01,122,-1.65,0.4109,0.4213,0.4109,0,NA,-0.8,0.0104,6,"Rehydrated",-1.45,0.2,25,0.1633,1.51622780159216,0.933009779925699,12,0.0402521725241937,0.472800025772635,TRUE,0.799999933382532,0.200000066617468
"247",2025-07-01,122,-2.05,0.4029,0.4213,0.4029,0,NA,-0.8,0.0184,6,"Rehydrated",-1.65,0.4,25,0.1633,1.46723821187998,0.933009779925699,12,0.0402521725241937,0.472800025772635,TRUE,0.774151793370173,0.225848206629827
"248",2025-07-01,122,-2.3,0.3951,0.4213,0.3951,0,NA,-0.8,0.0262,6,"Rehydrated",-2.05,0.25,25,0.1633,1.41947336191059,0.933009779925699,12,0.0402521725241937,0.472800025772635,TRUE,0.748949856858122,0.251050143141878
"249",2025-07-01,122,-2.46,0.3857,0.4213,0.3857,0,NA,-0.8,0.0356,6,"Rehydrated",-2.3,0.16,25,0.1633,1.36191059399878,0.933009779925699,12,0.0402521725241937,0.472800025772635,TRUE,0.718578292343599,0.281421707656401
"250",2025-07-01,122,-2.55,0.3659,0.4213,0.3659,0,NA,-0.8,0.0554,6,"Rehydrated",-2.46,0.0899999999999999,25,0.1633,1.24066135946111,0.933009779925699,12,0.0402521725241937,0.472800025772635,TRUE,0.654604145813009,0.345395854186991
"251",2025-07-01,122,-2.72,0.3585,0.4213,0.3585,0,NA,-0.8,0.0628,6,"Rehydrated",-2.55,0.17,25,0.1633,1.19534598897734,0.933009779925699,12,0.0402521725241937,0.472800025772635,TRUE,0.630694616301576,0.369305383698424
"252",2025-07-01,122,-3.16,0.3438,0.4213,0.3438,0,NA,-0.8,0.0775,6,"Rehydrated",-2.72,0.44,25,0.1633,1.1053276178812,0.933009779925699,12,0.0402521725241937,0.472800025772635,TRUE,0.583198659028865,0.416801340971135
"253",2025-07-01,122,-3.55,0.3228,0.4213,0.3228,0,NA,-0.8,0.0985,6,"Rehydrated",-3.16,0.39,25,0.1633,0.976729944886711,0.933009779925699,12,0.0402521725241937,0.472800025772635,TRUE,0.515347291496421,0.484652708503579
"254",2025-07-01,122,-3.77,0.3137,0.4213,0.3137,0,NA,-0.8,0.1076,6,"Rehydrated",-3.55,0.22,25,0.1633,0.9210042865891,0.933009779925699,12,0.0402521725241937,0.472800025772635,TRUE,0.485945032232362,0.514054967767638
"255",2025-07-01,16,-1.6,0.5211,0.5366,0.5211,0,NA,-1.48,0.0154999999999999,6,"Fresh - Wet paper towel",NA,NA,26,0.2628,0.982876712328767,0.995434255013948,6,0.0281415135482067,0.567408799545788,TRUE,0.847972876637706,0.152027123362294
"256",2025-07-01,16,-2.09,0.5102,0.5366,0.5102,0,NA,-1.48,0.0264,6,"Fresh - Wet paper towel",-1.6,0.49,26,0.2628,0.941400304414003,0.995434255013948,6,0.0281415135482067,0.567408799545788,TRUE,0.8121892747974,0.1878107252026
"257",2025-07-01,16,-2.33,0.5026,0.5366,0.5026,0,NA,-1.48,0.0339999999999999,6,"Fresh - Wet paper towel",-2.09,0.24,26,0.2628,0.91248097412481,0.995434255013948,6,0.0281415135482067,0.567408799545788,TRUE,0.787239240486729,0.212760759513271
"258",2025-07-01,16,-2.6,0.4945,0.5366,0.4945,0,NA,-1.48,0.0421,6,"Fresh - Wet paper towel",-2.33,0.27,26,0.2628,0.881659056316591,0.995434255013948,6,0.0281415135482067,0.567408799545788,TRUE,0.760647756550354,0.239352243449646
"259",2025-07-01,16,-2.88,0.4848,0.5366,0.4848,0,NA,-1.48,0.0518,6,"Fresh - Wet paper towel",-2.6,0.28,26,0.2628,0.844748858447489,0.995434255013948,6,0.0281415135482067,0.567408799545788,TRUE,0.728803633811734,0.271196366188266
"260",2025-07-01,16,-3.43,0.4711,0.5366,0.4711,0,NA,-1.48,0.0654999999999999,6,"Fresh - Wet paper towel",-2.88,0.55,26,0.2628,0.79261796042618,0.995434255013948,6,0.0281415135482067,0.567408799545788,TRUE,0.683827914067496,0.316172085932504
"261",2025-07-01,16,-3.81,0.4417,0.5366,0.4417,0,NA,-1.48,0.0949,6,"Fresh - Wet paper towel",-3.43,0.38,26,0.2628,0.680745814307458,0.995434255013948,6,0.0281415135482067,0.567408799545788,FALSE,0.587310676076212,0.412689323923788
"262",2025-07-01,16,-4.23,0.4286,0.5366,0.4286,0,NA,-1.48,0.108,6,"Fresh - Wet paper towel",-3.81,0.42,26,0.2628,0.63089802130898,0.995434255013948,6,0.0281415135482067,0.567408799545788,FALSE,0.544304695882817,0.455695304117183
"263",2025-07-01,16,-5.1,0.4014,0.5366,0.4014,0,NA,-1.48,0.1352,6,"Fresh - Wet paper towel",-4.23,0.869999999999999,26,0.2628,0.527397260273973,0.995434255013948,6,0.0281415135482067,0.567408799545788,FALSE,0.455009836244623,0.544990163755377
"264",2025-07-01,39,-1.01,0.3561,0.3561,0.3561,0,NA,-1.01,0,6,"Rehydrated",NA,NA,27,0.1566,1.27394636015326,0.998881779930484,3,0.0124391046741282,0.368608229098091,TRUE,0.941001209475203,0.058998790524797
"265",2025-07-01,39,-1.23,0.3532,0.3561,0.3532,0,NA,-1.01,0.00290000000000001,6,"Rehydrated",-1.01,0.22,27,0.1566,1.25542784163474,0.998881779930484,3,0.0124391046741282,0.368608229098091,TRUE,0.927322495152005,0.0726775048479954
"266",2025-07-01,39,-1.46,0.3505,0.3561,0.3505,0,NA,-1.01,0.00560000000000004,6,"Rehydrated",-1.23,0.23,27,0.1566,1.23818646232439,0.998881779930484,3,0.0124391046741282,0.368608229098091,TRUE,0.914587140437302,0.0854128595626976
"267",2025-07-01,39,-1.59,0.3497,0.3561,0.3497,0,NA,-1.01,0.00640000000000001,6,"Rehydrated",-1.46,0.13,27,0.1566,1.2330779054917,0.998881779930484,3,0.0124391046741282,0.368608229098091,FALSE,0.910813702003317,0.0891862979966832
"268",2025-07-01,39,-1.78,0.3479,0.3561,0.3479,0,NA,-1.01,0.00820000000000004,6,"Rehydrated",-1.59,0.19,27,0.1566,1.22158365261814,0.998881779930484,3,0.0124391046741282,0.368608229098091,FALSE,0.902323465526849,0.0976765344731514
"269",2025-07-01,39,-2.17,0.3447,0.3561,0.3447,0,NA,-1.01,0.0114,6,"Rehydrated",-1.78,0.39,27,0.1566,1.20114942528736,0.998881779930484,3,0.0124391046741282,0.368608229098091,FALSE,0.887229711790906,0.112770288209094
"270",2025-07-01,39,-2.62,0.3388,0.3561,0.3388,0,NA,-1.01,0.0173,6,"Rehydrated",-2.17,0.45,27,0.1566,1.16347381864623,0.998881779930484,3,0.0124391046741282,0.368608229098091,FALSE,0.85940060334026,0.14059939665974
"271",2025-07-01,39,-2.83,0.3349,0.3561,0.3349,0,NA,-1.01,0.0212,6,"Rehydrated",-2.62,0.21,27,0.1566,1.13856960408685,0.998881779930484,3,0.0124391046741282,0.368608229098091,FALSE,0.84100509097458,0.15899490902542
"272",2025-07-01,39,-3.25,0.3207,0.3561,0.3207,0,NA,-1.01,0.0354,6,"Rehydrated",-2.83,0.42,27,0.1566,1.04789272030651,0.998881779930484,3,0.0124391046741282,0.368608229098091,FALSE,0.774026558771332,0.225973441228668
"273",2025-07-01,39,-3.6,0.3056,0.3561,0.3056,0,NA,-1.01,0.0505,6,"Rehydrated",-3.25,0.35,27,0.1566,0.9514687100894,0.998881779930484,3,0.0124391046741282,0.368608229098091,FALSE,0.702802908329851,0.297197091670149
"274",2025-07-01,39,-4.5,0.278,0.3561,0.278,0,NA,-1.01,0.0781,6,"Rehydrated",-3.6,0.9,27,0.1566,0.775223499361431,0.998881779930484,3,0.0124391046741282,0.368608229098091,FALSE,0.572619282357342,0.427380717642658
"275",2025-07-01,46,-2.34,0.2995,0.3174,0.2995,0,NA,-1.66,0.0179,6,"Fresh - Wet paper towel",NA,NA,28,0.1658,0.806393244873341,0.989637118891422,7,0.0155740008347079,0.333153282985869,TRUE,0.79890873734033,0.20109126265967
"276",2025-07-01,46,-2.62,0.291,0.3174,0.291,0,NA,-1.66,0.0264,6,"Fresh - Wet paper towel",-2.34,0.28,28,0.1658,0.755126658624849,0.989637118891422,7,0.0155740008347079,0.333153282985869,TRUE,0.748117979917796,0.251882020082204
"277",2025-07-01,46,-2.88,0.2863,0.3174,0.2863,0,NA,-1.66,0.0311,6,"Fresh - Wet paper towel",-2.62,0.26,28,0.1658,0.726779252110977,0.989637118891422,7,0.0155740008347079,0.333153282985869,TRUE,0.720033678754748,0.279966321245252
"278",2025-07-01,46,-3.51,0.2788,0.3174,0.2788,0,NA,-1.66,0.0386,6,"Fresh - Wet paper towel",-2.88,0.63,28,0.1658,0.681544028950543,0.989637118891422,7,0.0155740008347079,0.333153282985869,TRUE,0.675218304558394,0.324781695441606
"279",2025-07-01,46,-3.72,0.2742,0.3174,0.2742,0,NA,-1.66,0.0432,6,"Fresh - Wet paper towel",-3.51,0.21,28,0.1658,0.653799758745476,0.989637118891422,7,0.0155740008347079,0.333153282985869,TRUE,0.647731541717964,0.352268458282036
"280",2025-07-01,46,-4.62,0.263,0.3174,0.263,0,NA,-1.66,0.0544,6,"Fresh - Wet paper towel",-3.72,0.9,28,0.1658,0.586248492159228,0.989637118891422,7,0.0155740008347079,0.333153282985869,TRUE,0.580807249584743,0.419192750415257
"281",2025-07-01,46,-5.35,0.2493,0.3174,0.2493,0,NA,-1.66,0.0681,6,"Fresh - Wet paper towel",-4.62,0.73,28,0.1658,0.503618817852835,0.989637118891422,7,0.0155740008347079,0.333153282985869,TRUE,0.49894449938607,0.50105550061393
"282",2025-07-01,46,-6.2,0.242,0.3174,0.242,0,NA,-1.66,0.0754,6,"Fresh - Wet paper towel",-5.35,0.850000000000001,28,0.1658,0.459589867310012,0.989637118891422,7,0.0155740008347079,0.333153282985869,FALSE,0.455324201834953,0.544675798165047
"283",2025-07-01,46,-8.25,0.2255,0.3174,0.2255,0,NA,-1.66,0.0919,6,"Fresh - Wet paper towel",-6.2,2.05,28,0.1658,0.360072376357057,0.989637118891422,7,0.0155740008347079,0.333153282985869,FALSE,0.356730378602975,0.643269621397025
"284",2025-07-01,5,-2.15,0.6844,0.707,0.6844,0,NA,-1.85,0.0225999999999999,6,"Fresh - Wet paper towel",NA,NA,29,0.3873,0.767105602891815,0.908009466384012,9,0.0322227033011067,0.725131435279042,TRUE,0.87943266663329,0.12056733336671
"285",2025-07-01,5,-2.35,0.6656,0.707,0.6656,0,NA,-1.85,0.0414,6,"Fresh - Wet paper towel",-2.15,0.2,29,0.3873,0.718564420345985,0.908009466384012,9,0.0322227033011067,0.725131435279042,TRUE,0.823783611996111,0.176216388003889
"286",2025-07-01,5,-2.43,0.6314,0.707,0.6314,0,NA,-1.85,0.0756,6,"Fresh - Wet paper towel",-2.35,0.0800000000000001,29,0.3873,0.630260779757294,0.908009466384012,9,0.0322227033011067,0.725131435279042,TRUE,0.722549693454009,0.277450306545991
"287",2025-07-01,5,-2.89,0.6204,0.707,0.6204,0,NA,-1.85,0.0866,6,"Fresh - Wet paper towel",-2.43,0.46,29,0.3873,0.601859024012393,0.908009466384012,9,0.0322227033011067,0.725131435279042,TRUE,0.689989076379064,0.310010923620936
"288",2025-07-01,5,-2.99,0.6085,0.707,0.6085,0,NA,-1.85,0.0984999999999999,6,"Fresh - Wet paper towel",-2.89,0.1,29,0.3873,0.571133488252001,0.908009466384012,9,0.0322227033011067,0.725131435279042,TRUE,0.654764408816169,0.345235591183831
"289",2025-07-01,5,-4.18,0.5907,0.707,0.5907,0,"piece probably fell off, was included",-1.85,0.1163,6,"Fresh - Wet paper towel",-2.99,1.19,29,0.3873,0.525174283501162,0.908009466384012,9,0.0322227033011067,0.725131435279042,TRUE,0.602075410276712,0.397924589723288
"290",2025-07-01,5,-4.82,0.562,0.707,0.562,0,NA,-1.85,0.145,6,"Fresh - Wet paper towel",-4.18,0.640000000000001,29,0.3873,0.451071520784921,0.908009466384012,9,0.0322227033011067,0.725131435279042,TRUE,0.517121800272083,0.482878199727917
"291",2025-07-01,5,-5.38,0.5501,0.707,0.5501,0,NA,-1.85,0.1569,6,"Fresh - Wet paper towel",-4.82,0.56,29,0.3873,0.420345985024529,0.908009466384012,9,0.0322227033011067,0.725131435279042,TRUE,0.481897132709188,0.518102867290812
"292",2025-07-01,5,-6.59,0.5246,0.707,0.5246,0,NA,-1.85,0.1824,6,"Fresh - Wet paper towel",-5.38,1.21,29,0.3873,0.354505551252259,0.908009466384012,9,0.0322227033011067,0.725131435279042,TRUE,0.406415702217269,0.593584297782731
"293",2025-07-01,69,-0.6,0.2288,0.2288,0.2288,0,NA,-0.6,0,6,"Rehydrated",NA,NA,30,0.0896,1.55357142857143,0.981800774569879,13,0.017178841455106,0.240151734457652,TRUE,0.924599112069049,0.075400887930951
"294",2025-07-01,69,-0.72,0.2282,0.2288,0.2282,0,NA,-0.6,0.000600000000000017,6,"Rehydrated",-0.6,0.12,30,0.0896,1.546875,0.981800774569879,13,0.017178841455106,0.240151734457652,TRUE,0.920613771068751,0.0793862289312486
"295",2025-07-01,69,-0.9,0.2243,0.2288,0.2243,0,NA,-0.6,0.0045,6,"Rehydrated",-0.72,0.18,30,0.0896,1.50334821428571,0.981800774569879,13,0.017178841455106,0.240151734457652,TRUE,0.894709054566817,0.105290945433183
"296",2025-07-01,69,-1.03,0.2226,0.2288,0.2226,0,NA,-0.6,0.00620000000000001,6,"Rehydrated",-0.9,0.13,30,0.0896,1.484375,0.981800774569879,13,0.017178841455106,0.240151734457652,TRUE,0.883417255065974,0.116582744934026
"297",2025-07-01,69,-1.15,0.2207,0.2288,0.2207,0,NA,-0.6,0.00809999999999999,6,"Rehydrated",-1.03,0.12,30,0.0896,1.46316964285714,0.981800774569879,13,0.017178841455106,0.240151734457652,TRUE,0.870797008565031,0.129202991434969
"298",2025-07-01,69,-1.34,0.2119,0.2288,0.2119,0,NA,-0.6,0.0169,6,"Rehydrated",-1.15,0.19,30,0.0896,1.36495535714286,0.981800774569879,13,0.017178841455106,0.240151734457652,TRUE,0.812345340560666,0.187654659439334
"299",2025-07-01,69,-1.7,0.2095,0.2288,0.2095,0,NA,-0.6,0.0193,6,"Rehydrated",-1.34,0.36,30,0.0896,1.33816964285714,0.981800774569879,13,0.017178841455106,0.240151734457652,TRUE,0.796403976559475,0.203596023440525
"300",2025-07-01,69,-2.03,0.2066,0.2288,0.2066,0,NA,-0.6,0.0222,6,"Rehydrated",-1.7,0.33,30,0.0896,1.30580357142857,0.981800774569879,13,0.017178841455106,0.240151734457652,TRUE,0.777141495058037,0.222858504941963
"301",2025-07-01,69,-2.42,0.2026,0.2288,0.2026,0,NA,-0.6,0.0262,6,"Rehydrated",-2.03,0.39,30,0.0896,1.26116071428571,0.981800774569879,13,0.017178841455106,0.240151734457652,TRUE,0.750572555056053,0.249427444943947
"302",2025-07-01,69,-2.7,0.1977,0.2288,0.1977,0,NA,-0.6,0.0311,6,"Rehydrated",-2.42,0.28,30,0.0896,1.20647321428571,0.981800774569879,13,0.017178841455106,0.240151734457652,TRUE,0.718025603553622,0.281974396446378
"303",2025-07-01,69,-3.4,0.1869,0.2288,0.1869,0,NA,-0.6,0.0419,6,"Rehydrated",-2.7,0.7,30,0.0896,1.0859375,0.981800774569879,13,0.017178841455106,0.240151734457652,TRUE,0.646289465548265,0.353710534451735
"304",2025-07-01,69,-3.62,0.1743,0.2288,0.1743,0,NA,-0.6,0.0545,6,"Rehydrated",-3.4,0.22,30,0.0896,0.9453125,0.981800774569879,13,0.017178841455106,0.240151734457652,TRUE,0.562597304542015,0.437402695457985
"305",2025-07-01,69,-5.02,0.1504,0.2288,0.1504,0,NA,-0.6,0.0784,6,"Rehydrated",-3.62,1.4,30,0.0896,0.678571428571429,0.981800774569879,13,0.017178841455106,0.240151734457652,TRUE,0.403847888030159,0.596152111969841
"306",2025-07-08,101,-2.68,0.3659,0.3706,0.3659,0,NA,-2.62,0.00469999999999998,7,"Fresh",NA,NA,31,0.1841,0.987506789788158,0.999752689820224,3,0.0145140032948933,0.40483574958814,TRUE,0.823609226594297,0.176390773405703
"307",2025-07-08,101,-2.88,0.3631,0.3706,0.3631,0,NA,-2.62,0.0075,7,"Fresh",-2.68,0.2,31,0.1841,0.972297664312873,0.999752689820224,3,0.0145140032948933,0.40483574958814,TRUE,0.810924376019687,0.189075623980313
"308",2025-07-08,101,-3.17,0.3588,0.3706,0.3588,0,NA,-2.62,0.0118,7,"Fresh",-2.88,0.29,31,0.1841,0.948940793047257,0.999752689820224,3,0.0145140032948933,0.40483574958814,TRUE,0.791444069780108,0.208555930219892
"309",2025-07-08,101,-3.33,0.3523,0.3706,0.3523,0,NA,-2.62,0.0183,7,"Fresh",-3.17,0.16,31,0.1841,0.913633894622488,0.999752689820224,3,0.0145140032948933,0.40483574958814,FALSE,0.761997095231907,0.238002904768093
"310",2025-07-08,101,-3.69,0.3457,0.3706,0.3457,0,NA,-2.62,0.0249,7,"Fresh",-3.33,0.36,31,0.1841,0.87778381314503,0.999752689820224,3,0.0145140032948933,0.40483574958814,FALSE,0.732097090306042,0.267902909693958
"311",2025-07-08,101,-4.36,0.3336,0.3706,0.3336,0,NA,-2.62,0.037,7,"Fresh",-3.69,0.67,31,0.1841,0.81205866376969,0.999752689820224,3,0.0145140032948933,0.40483574958814,FALSE,0.677280414608621,0.322719585391379
"312",2025-07-08,101,-4.76,0.3253,0.3706,0.3253,0,NA,-2.62,0.0453,7,"Fresh",-4.36,0.399999999999999,31,0.1841,0.766974470396523,0.999752689820224,3,0.0145140032948933,0.40483574958814,FALSE,0.639678893262457,0.360321106737543
"313",2025-07-08,101,-6.17,0.2982,0.3706,0.2982,0,NA,-2.62,0.0724,7,"Fresh",-4.76,1.41,31,0.1841,0.619771863117871,0.999752689820224,3,0.0145140032948933,0.40483574958814,FALSE,0.516907660915343,0.483092339084657
"314",2025-07-08,51,-2.99,0.4358,0.4557,0.4358,0,NA,-2.78,0.0199,7,"Fresh",NA,NA,32,0.2356,0.84974533106961,0.995837055777774,8,0.0228471890628534,0.504612020306099,TRUE,0.74420466331653,0.25579533668347
"315",2025-07-08,51,-3.12,0.4325,0.4557,0.4325,0,NA,-2.78,0.0232,7,"Fresh",-2.99,0.13,32,0.2356,0.835738539898132,0.995837055777774,8,0.0228471890628534,0.504612020306099,TRUE,0.731937553481642,0.268062446518358
"316",2025-07-08,51,-3.26,0.4298,0.4557,0.4298,0,NA,-2.78,0.0259,7,"Fresh",-3.12,0.14,32,0.2356,0.82427843803056,0.995837055777774,8,0.0228471890628534,0.504612020306099,TRUE,0.721900827253097,0.278099172746903
"317",2025-07-08,51,-3.37,0.4265,0.4557,0.4265,0,NA,-2.78,0.0292,7,"Fresh",-3.26,0.11,32,0.2356,0.810271646859083,0.995837055777774,8,0.0228471890628534,0.504612020306099,TRUE,0.709633717418209,0.290366282581791
"318",2025-07-08,51,-3.91,0.4179,0.4557,0.4179,0,NA,-2.78,0.0378,7,"Fresh",-3.37,0.54,32,0.2356,0.773769100169779,0.995837055777774,8,0.0228471890628534,0.504612020306099,TRUE,0.677664885727289,0.322335114272711
"319",2025-07-08,51,-4.46,0.4051,0.4557,0.4051,0,NA,-2.78,0.0506,7,"Fresh",-3.91,0.55,32,0.2356,0.719439728353141,0.995837055777774,8,0.0228471890628534,0.504612020306099,TRUE,0.630083368791967,0.369916631208033
"320",2025-07-08,51,-4.74,0.3951,0.4557,0.3951,0,NA,-2.78,0.0606,7,"Fresh",-4.46,0.28,32,0.2356,0.676994906621392,0.995837055777774,8,0.0228471890628534,0.504612020306099,TRUE,0.592910308686246,0.407089691313754
"321",2025-07-08,51,-6.11,0.364,0.4557,0.364,0,NA,-2.78,0.0917,7,"Fresh",-4.74,1.37,32,0.2356,0.544991511035654,0.995837055777774,8,0.0228471890628534,0.504612020306099,TRUE,0.477302091757454,0.522697908242546
"322",2025-07-08,56,-0.9,0.411,0.411,0.411,0,"pv(""86"", plotonly = TRUE)",-0.9,0,7,"Rehydrated",NA,NA,33,0.1817,1.26197028068244,0.980530235597673,3,0.00721271393643056,0.41758533007335,TRUE,0.972082494187739,0.0279175058122614
"323",2025-07-08,56,-1.2,0.4092,0.411,0.4092,0,NA,-0.9,0.00179999999999996,7,"Rehydrated",-0.9,0.3,33,0.1817,1.25206384149697,0.980530235597673,3,0.00721271393643056,0.41758533007335,TRUE,0.964451667805105,0.0355483321948951
"324",2025-07-08,56,-1.36,0.4076,0.411,0.4076,0,NA,-0.9,0.00339999999999995,7,"Rehydrated",-1.2,0.16,33,0.1817,1.24325811777655,0.980530235597673,3,0.00721271393643056,0.41758533007335,TRUE,0.957668711020542,0.0423312889794584
"325",2025-07-08,56,-1.55,0.402,0.411,0.402,0,NA,-0.9,0.00899999999999995,7,"Rehydrated",-1.36,0.19,33,0.1817,1.21243808475509,0.980530235597673,3,0.00721271393643056,0.41758533007335,FALSE,0.93392836227457,0.0660716377254301
"326",2025-07-08,56,-1.83,0.3992,0.411,0.3992,0,NA,-0.9,0.0118,7,"Rehydrated",-1.55,0.28,33,0.1817,1.19702806824436,0.980530235597673,3,0.00721271393643056,0.41758533007335,FALSE,0.922058187901584,0.0779418120984162
"327",2025-07-08,56,-2.53,0.3924,0.411,0.3924,0,NA,-0.9,0.0185999999999999,7,"Rehydrated",-1.83,0.7,33,0.1817,1.15960374243258,0.980530235597673,3,0.00721271393643056,0.41758533007335,FALSE,0.89323062156719,0.10676937843281
"328",2025-07-08,56,-2.65,0.3878,0.411,0.3878,0,NA,-0.9,0.0232,7,"Rehydrated",-2.53,0.12,33,0.1817,1.13428728673638,0.980530235597673,3,0.00721271393643056,0.41758533007335,FALSE,0.87372962081157,0.12627037918843
"329",2025-07-08,56,-2.8,0.3807,0.411,0.3807,0,NA,-0.9,0.0303,7,"Rehydrated",-2.65,0.15,33,0.1817,1.09521188772702,0.980530235597673,3,0.00721271393643056,0.41758533007335,FALSE,0.84363025008007,0.15636974991993
"330",2025-07-08,56,-3.13,0.3661,0.411,0.3661,0,NA,-0.9,0.0449,7,"Rehydrated",-2.8,0.33,33,0.1817,1.01485965877821,0.980530235597673,3,0.00721271393643056,0.41758533007335,FALSE,0.781735769420929,0.218264230579071
"331",2025-07-08,56,-3.41,0.3566,0.411,0.3566,0,NA,-0.9,0.0544,7,"Rehydrated",-3.13,0.28,33,0.1817,0.962575674188222,0.980530235597673,3,0.00721271393643056,0.41758533007335,FALSE,0.741461963512584,0.258538036487416
"332",2025-07-08,56,-3.65,0.3486,0.411,0.3486,0,NA,-0.9,0.0623999999999999,7,"Rehydrated",-3.41,0.24,33,0.1817,0.918547055586131,0.980530235597673,3,0.00721271393643056,0.41758533007335,FALSE,0.707547179589767,0.292452820410233
"333",2025-07-08,56,-5.07,0.3132,0.411,0.3132,0,NA,-0.9,0.0978,7,"Rehydrated",-3.65,1.42,33,0.1817,0.723720418271877,0.980530235597673,3,0.00721271393643056,0.41758533007335,FALSE,0.557474260731302,0.442525739268698
"334",2025-07-08,86,-1.25,0.6365,0.6365,0.6365,0,NA,-1.25,0,7,"Rehydrated",NA,NA,34,0.2718,1.34179543782193,0.992115926810082,6,0.0236782319391636,0.667007400190114,TRUE,0.922806606922242,0.0771933930777583
"335",2025-07-08,86,-1.4,0.6346,0.6365,0.6346,0,NA,-1.25,0.0018999999999999,7,"Rehydrated",-1.25,0.15,34,0.2718,1.33480500367918,0.992115926810082,6,0.0236782319391636,0.667007400190114,TRUE,0.917999004637755,0.0820009953622447
"336",2025-07-08,86,-1.6,0.6302,0.6365,0.6302,0,NA,-1.25,0.00629999999999997,7,"Rehydrated",-1.4,0.2,34,0.2718,1.31861662987491,0.992115926810082,6,0.0236782319391636,0.667007400190114,TRUE,0.906865609873681,0.0931343901263191
"337",2025-07-08,86,-1.7,0.626,0.6365,0.626,0,NA,-1.25,0.0105,7,"Rehydrated",-1.6,0.0999999999999999,34,0.2718,1.30316409124356,0.992115926810082,6,0.0236782319391636,0.667007400190114,TRUE,0.896238278507974,0.103761721492026
"338",2025-07-08,86,-1.95,0.6208,0.6365,0.6208,0,NA,-1.25,0.0156999999999999,7,"Rehydrated",-1.7,0.25,34,0.2718,1.28403237674761,0.992115926810082,6,0.0236782319391636,0.667007400190114,TRUE,0.883080630150432,0.116919369849568
"339",2025-07-08,86,-2.28,0.6129,0.6365,0.6129,0,NA,-1.25,0.0236,7,"Rehydrated",-1.95,0.33,34,0.2718,1.25496688741722,0.992115926810082,6,0.0236782319391636,0.667007400190114,TRUE,0.863091125914935,0.136908874085065
"340",2025-07-08,86,-2.35,0.6042,0.6365,0.6042,0,NA,-1.25,0.0323,7,"Rehydrated",-2.28,0.0700000000000003,34,0.2718,1.22295805739514,0.992115926810082,6,0.0236782319391636,0.667007400190114,FALSE,0.84107736808597,0.15892263191403
"341",2025-07-08,86,-2.49,0.5951,0.6365,0.5951,0,NA,-1.25,0.0414,7,"Rehydrated",-2.35,0.14,34,0.2718,1.18947755702723,0.992115926810082,6,0.0236782319391636,0.667007400190114,FALSE,0.818051483460271,0.181948516539729
"342",2025-07-08,86,-2.73,0.581,0.6365,0.581,0,NA,-1.25,0.0555,7,"Rehydrated",-2.49,0.24,34,0.2718,1.13760117733628,0.992115926810082,6,0.0236782319391636,0.667007400190114,FALSE,0.782374013875397,0.217625986124603
"343",2025-07-08,86,-2.96,0.5557,0.6365,0.5557,0,NA,-1.25,0.0808,7,"Rehydrated",-2.73,0.23,34,0.2718,1.04451802796174,0.992115926810082,6,0.0236782319391636,0.667007400190114,FALSE,0.71835699398197,0.28164300601803
"344",2025-07-08,86,-3.22,0.5286,0.6365,0.5286,0,NA,-1.25,0.1079,7,"Rehydrated",-2.96,0.26,34,0.2718,0.944812362030905,0.992115926810082,6,0.0236782319391636,0.667007400190114,FALSE,0.64978540350324,0.35021459649676
"345",2025-07-08,86,-3.47,0.5129,0.6365,0.5129,0,NA,-1.25,0.1236,7,"Rehydrated",-3.22,0.25,34,0.2718,0.887049300956586,0.992115926810082,6,0.0236782319391636,0.667007400190114,FALSE,0.61005942673143,0.38994057326857
"346",2025-07-08,86,-4.76,0.4653,0.6365,0.4653,0,NA,-1.25,0.1712,7,"Rehydrated",-3.47,1.29,34,0.2718,0.711920529801325,0.992115926810082,6,0.0236782319391636,0.667007400190114,FALSE,0.489616337920082,0.510383662079918
"347",2025-07-08,90,-1.8,0.3522,0.368,0.3522,0,NA,-1.6,0.0158,7,"Fresh",NA,NA,35,0.1753,1.00912721049629,0.99713212339854,10,0.0184440086751866,0.386990313157302,TRUE,0.835654675745837,0.164345324254163
"348",2025-07-08,90,-2.2,0.3477,0.368,0.3477,0,NA,-1.6,0.0203,7,"Fresh",-1.8,0.4,35,0.1753,0.983456930975471,0.99713212339854,10,0.0184440086751866,0.386990313157302,TRUE,0.81439720801912,0.18560279198088
"349",2025-07-08,90,-2.4,0.3445,0.368,0.3445,0,NA,-1.6,0.0235,7,"Fresh",-2.2,0.2,35,0.1753,0.965202509982886,0.99713212339854,10,0.0184440086751866,0.386990313157302,TRUE,0.799280786524565,0.200719213475435
"350",2025-07-08,90,-2.71,0.3366,0.368,0.3366,0,NA,-1.6,0.0314,7,"Fresh",-2.4,0.31,35,0.1753,0.920136908157444,0.99713212339854,10,0.0184440086751866,0.386990313157302,TRUE,0.761962120959884,0.238037879040116
"351",2025-07-08,90,-2.93,0.332,0.368,0.332,0,NA,-1.6,0.036,7,"Fresh",-2.71,0.22,35,0.1753,0.893896177980605,0.99713212339854,10,0.0184440086751866,0.386990313157302,TRUE,0.740232265061462,0.259767734938538
"352",2025-07-08,90,-3.18,0.3284,0.368,0.3284,0,NA,-1.6,0.0396,7,"Fresh",-2.93,0.25,35,0.1753,0.873359954363948,0.99713212339854,10,0.0184440086751866,0.386990313157302,TRUE,0.723226290880088,0.276773709119912
"353",2025-07-08,90,-3.5,0.3225,0.368,0.3225,0,NA,-1.6,0.0455,7,"Fresh",-3.18,0.32,35,0.1753,0.83970336565887,0.99713212339854,10,0.0184440086751866,0.386990313157302,TRUE,0.695355388749504,0.304644611250496
"354",2025-07-08,90,-4.19,0.3112,0.368,0.3112,0,NA,-1.6,0.0568,7,"Fresh",-3.5,0.69,35,0.1753,0.775242441528808,0.99713212339854,10,0.0184440086751866,0.386990313157302,TRUE,0.641975525346858,0.358024474653142
"355",2025-07-08,90,-4.45,0.3028,0.368,0.3028,0,NA,-1.6,0.0652,7,"Fresh",-4.19,0.26,35,0.1753,0.727324586423274,0.99713212339854,10,0.0184440086751866,0.386990313157302,TRUE,0.602294918923653,0.397705081076347
"356",2025-07-08,90,-6.25,0.2721,0.368,0.2721,0,NA,-1.6,0.0959,7,"Fresh",-4.45,1.8,35,0.1753,0.55219623502567,0.99713212339854,10,0.0184440086751866,0.386990313157302,TRUE,0.457271750210271,0.542728249789729
"357",2025-07-08,91,-1.16,0.3411,0.3411,0.3411,0,NA,-1.16,0,7,"Rehydrated",NA,NA,36,0.1604,1.12655860349127,0.989976674977246,7,0.0101061030370334,0.353028651441263,TRUE,0.938074365614814,0.0619256343851857
"358",2025-07-08,91,-1.3,0.3392,0.3411,0.3392,0,NA,-1.16,0.00190000000000001,7,"Rehydrated",-1.16,0.14,36,0.1604,1.11471321695761,0.989976674977246,7,0.0101061030370334,0.353028651441263,TRUE,0.928210827736186,0.0717891722638142
"359",2025-07-08,91,-1.56,0.3371,0.3411,0.3371,0,NA,-1.16,0.004,7,"Rehydrated",-1.3,0.26,36,0.1604,1.10162094763092,0.989976674977246,7,0.0101061030370334,0.353028651441263,TRUE,0.917309022712439,0.0826909772875613
"360",2025-07-08,91,-1.76,0.3364,0.3411,0.3364,0,NA,-1.16,0.00470000000000003,7,"Rehydrated",-1.56,0.2,36,0.1604,1.09725685785536,0.989976674977246,7,0.0101061030370334,0.353028651441263,TRUE,0.913675087704523,0.0863249122954771
"361",2025-07-08,91,-2.04,0.3328,0.3411,0.3328,0,NA,-1.16,0.00830000000000003,7,"Rehydrated",-1.76,0.28,36,0.1604,1.07481296758105,0.989976674977246,7,0.0101061030370334,0.353028651441263,TRUE,0.894986279092385,0.105013720907615
"362",2025-07-08,91,-2.52,0.3277,0.3411,0.3277,0,NA,-1.16,0.0134,7,"Rehydrated",-2.04,0.48,36,0.1604,1.0430174563591,0.989976674977246,7,0.0101061030370334,0.353028651441263,TRUE,0.868510466891856,0.131489533108144
"363",2025-07-08,91,-2.86,0.3235,0.3411,0.3235,0,NA,-1.16,0.0176,7,"Rehydrated",-2.52,0.34,36,0.1604,1.01683291770574,0.989976674977246,7,0.0101061030370334,0.353028651441263,TRUE,0.846706856844362,0.153293143155638
"364",2025-07-08,91,-2.99,0.3181,0.3411,0.3181,0,NA,-1.16,0.023,7,"Rehydrated",-2.86,0.13,36,0.1604,0.983167082294264,0.989976674977246,7,0.0101061030370334,0.353028651441263,FALSE,0.818673643926155,0.181326356073845
"365",2025-07-08,91,-3.16,0.3131,0.3411,0.3131,0,NA,-1.16,0.028,7,"Rehydrated",-2.99,0.17,36,0.1604,0.951995012468828,0.989976674977246,7,0.0101061030370334,0.353028651441263,FALSE,0.792716965298185,0.207283034701815
"366",2025-07-08,91,-3.24,0.3063,0.3411,0.3063,0,NA,-1.16,0.0348,7,"Rehydrated",-3.16,0.0800000000000001,36,0.1604,0.909600997506235,0.989976674977246,7,0.0101061030370334,0.353028651441263,FALSE,0.757415882364147,0.242584117635853
"367",2025-07-08,91,-3.47,0.2923,0.3411,0.2923,0,NA,-1.16,0.0488,7,"Rehydrated",-3.24,0.23,36,0.1604,0.822319201995013,0.989976674977246,7,0.0101061030370334,0.353028651441263,FALSE,0.684737182205833,0.315262817794167
"368",2025-07-08,91,-3.85,0.281,0.3411,0.281,0,NA,-1.16,0.0601,7,"Rehydrated",-3.47,0.38,36,0.1604,0.751870324189526,0.989976674977246,7,0.0101061030370334,0.353028651441263,FALSE,0.626075088506622,0.373924911493378
"369",2025-07-08,91,-4.08,0.2735,0.3411,0.2735,0,NA,-1.16,0.0676,7,"Rehydrated",-3.85,0.23,36,0.1604,0.705112219451372,0.989976674977246,7,0.0101061030370334,0.353028651441263,FALSE,0.587140070564668,0.412859929435332
"370",2025-07-08,91,-5.79,0.2496,0.3411,0.2496,0,NA,-1.16,0.0915,7,"Rehydrated",-4.08,1.71,36,0.1604,0.556109725685786,0.989976674977246,7,0.0101061030370334,0.353028651441263,FALSE,0.463067146722974,0.536932853277026
"371",2025-07-15,122,-1.49,0.5625,0.573,0.5625,0,NA,-1.38,0.0105,8,"Fresh",NA,NA,37,0.2758,1.03952139231327,0.962137898151375,3,0.0135072161987508,0.581109696991456,TRUE,0.939046492218108,0.0609535077818922
"372",2025-07-15,122,-1.82,0.5545,0.573,0.5545,0,NA,-1.38,0.0185,8,"Fresh",-1.49,0.33,37,0.2758,1.01051486584482,0.962137898151375,3,0.0135072161987508,0.581109696991456,TRUE,0.912843590447111,0.0871564095528894
"373",2025-07-15,122,-2.8,0.5438,0.573,0.5438,0,NA,-1.38,0.0292,8,"Fresh",-1.82,0.98,37,0.2758,0.971718636693256,0.962137898151375,3,0.0135072161987508,0.581109696991456,TRUE,0.877797209328402,0.122202790671598
"374",2025-07-15,122,-2.91,0.5356,0.573,0.5356,0,NA,-1.38,0.0374,8,"Fresh",-2.8,0.11,37,0.2758,0.941986947063089,0.962137898151375,3,0.0135072161987508,0.581109696991456,FALSE,0.85093923501313,0.14906076498687
"375",2025-07-15,122,-3.03,0.5316,0.573,0.5316,0,NA,-1.38,0.0414,8,"Fresh",-2.91,0.12,37,0.2758,0.927483683828861,0.962137898151375,3,0.0135072161987508,0.581109696991456,FALSE,0.837837784127631,0.162162215872369
"376",2025-07-15,122,-3.14,0.5229,0.573,0.5229,0,NA,-1.38,0.0500999999999999,8,"Fresh",-3.03,0.11,37,0.2758,0.895939086294416,0.962137898151375,3,0.0135072161987508,0.581109696991456,FALSE,0.809342128451672,0.190657871548328
"377",2025-07-15,122,-3.51,0.5114,0.573,0.5114,0,NA,-1.38,0.0616,8,"Fresh",-3.14,0.37,37,0.2758,0.854242204496012,0.962137898151375,3,0.0135072161987508,0.581109696991456,FALSE,0.771675457155864,0.228324542844136
"378",2025-07-15,122,-3.77,0.4964,0.573,0.4964,0,NA,-1.38,0.0765999999999999,8,"Fresh",-3.51,0.26,37,0.2758,0.799854967367658,0.962137898151375,3,0.0135072161987508,0.581109696991456,FALSE,0.722545016335244,0.277454983664756
"379",2025-07-15,122,-4.02,0.4855,0.573,0.4855,0,NA,-1.38,0.0875,8,"Fresh",-3.77,0.25,37,0.2758,0.760333575054387,0.962137898151375,3,0.0135072161987508,0.581109696991456,FALSE,0.686843562672261,0.313156437327739
"380",2025-07-15,16,-1.27,0.2796,0.2796,0.2796,0,NA,-1.27,0,8,"Rehydrated",NA,NA,38,0.1252,1.2332268370607,0.975679962705917,5,0.0141367993781847,0.299182589170049,TRUE,0.887445121586796,0.112554878413204
"381",2025-07-15,16,-1.64,0.277,0.2796,0.277,0,NA,-1.27,0.00259999999999999,8,"Rehydrated",-1.27,0.37,38,0.1252,1.21246006389776,0.975679962705917,5,0.0141367993781847,0.299182589170049,TRUE,0.872501097518624,0.127498902481376
"382",2025-07-15,16,-1.85,0.2742,0.2796,0.2742,0,NA,-1.27,0.00540000000000001,8,"Rehydrated",-1.64,0.21,38,0.1252,1.19009584664537,0.975679962705917,5,0.0141367993781847,0.299182589170049,TRUE,0.856407533137517,0.143592466862483
"383",2025-07-15,16,-2.38,0.2662,0.2796,0.2662,0,NA,-1.27,0.0134,8,"Rehydrated",-1.85,0.53,38,0.1252,1.12619808306709,0.975679962705917,5,0.0141367993781847,0.299182589170049,TRUE,0.810425920620066,0.189574079379934
"384",2025-07-15,16,-2.75,0.2591,0.2796,0.2591,0,NA,-1.27,0.0205,8,"Rehydrated",-2.38,0.37,38,0.1252,1.06948881789137,0.975679962705917,5,0.0141367993781847,0.299182589170049,TRUE,0.769617239510829,0.230382760489171
"385",2025-07-15,16,-2.89,0.2509,0.2796,0.2509,0,NA,-1.27,0.0287,8,"Rehydrated",-2.75,0.14,38,0.1252,1.00399361022364,0.975679962705917,5,0.0141367993781847,0.299182589170049,FALSE,0.722486086680442,0.277513913319558
"386",2025-07-15,16,-3.17,0.2404,0.2796,0.2404,0,NA,-1.27,0.0392,8,"Rehydrated",-2.89,0.28,38,0.1252,0.920127795527157,0.975679962705917,5,0.0141367993781847,0.299182589170049,FALSE,0.662135220251288,0.337864779748712
"387",2025-07-15,16,-3.33,0.2352,0.2796,0.2352,0,NA,-1.27,0.0444,8,"Rehydrated",-3.17,0.16,38,0.1252,0.878594249201278,0.975679962705917,5,0.0141367993781847,0.299182589170049,FALSE,0.632247172114945,0.367752827885055
"388",2025-07-15,16,-3.54,0.2279,0.2796,0.2279,0,NA,-1.27,0.0517,8,"Rehydrated",-3.33,0.21,38,0.1252,0.820287539936102,0.975679962705917,5,0.0141367993781847,0.299182589170049,FALSE,0.590288950692772,0.409711049307228
"389",2025-07-15,39,-2.83,0.3659,0.377,0.3659,0,NA,-2.7,0.0111,8,"Fresh",NA,NA,39,0.1961,0.865884752677206,0.987354802921635,8,0.0189476367715291,0.41853261612196,TRUE,0.763377255370223,0.236622744629777
"390",2025-07-15,39,-3.06,0.3578,0.377,0.3578,0,NA,-2.7,0.0192,8,"Fresh",-2.83,0.23,39,0.1961,0.82457929627741,0.987354802921635,8,0.0189476367715291,0.41853261612196,TRUE,0.726961732587544,0.273038267412456
"391",2025-07-15,39,-3.43,0.3534,0.377,0.3534,0,NA,-2.7,0.0236,8,"Fresh",-3.06,0.37,39,0.1961,0.802141764405915,0.987354802921635,8,0.0189476367715291,0.41853261612196,TRUE,0.707180460952509,0.292819539047491
"392",2025-07-15,39,-3.67,0.3496,0.377,0.3496,0,NA,-2.7,0.0274,8,"Fresh",-3.43,0.24,39,0.1961,0.782763895971443,0.987354802921635,8,0.0189476367715291,0.41853261612196,TRUE,0.690096635449524,0.309903364550476
"393",2025-07-15,39,-4,0.3454,0.377,0.3454,0,NA,-2.7,0.0316,8,"Fresh",-3.67,0.33,39,0.1961,0.76134625191229,0.987354802921635,8,0.0189476367715291,0.41853261612196,TRUE,0.671214512525172,0.328785487474828
"394",2025-07-15,39,-4.38,0.336,0.377,0.336,0,NA,-2.7,0.041,8,"Fresh",-4,0.38,39,0.1961,0.71341152473228,0.987354802921635,8,0.0189476367715291,0.41853261612196,TRUE,0.628954523123052,0.371045476876948
"395",2025-07-15,39,-4.64,0.33,0.377,0.33,0,NA,-2.7,0.047,8,"Fresh",-4.38,0.26,39,0.1961,0.68281489036206,0.987354802921635,8,0.0189476367715291,0.41853261612196,TRUE,0.601980061802549,0.398019938197451
"396",2025-07-15,39,-4.91,0.3243,0.377,0.3243,0,NA,-2.7,0.0527,8,"Fresh",-4.64,0.27,39,0.1961,0.653748087710352,0.987354802921635,8,0.0189476367715291,0.41853261612196,TRUE,0.576354323548071,0.423645676451929
"397",2025-07-15,39,-5.08,0.312,0.377,0.312,0,NA,-2.7,0.065,8,"Fresh",-4.91,0.17,39,0.1961,0.591024987251402,0.987354802921635,8,0.0189476367715291,0.41853261612196,FALSE,0.521056677841041,0.478943322158959
"398",2025-07-15,39,-5.5,0.3037,0.377,0.3037,0,NA,-2.7,0.0733,8,"Fresh",-5.08,0.42,39,0.1961,0.548699643039266,0.987354802921635,8,0.0189476367715291,0.41853261612196,FALSE,0.483742006347679,0.516257993652321
"399",2025-07-15,46,-1.14,0.2631,0.2631,0.2631,0,NA,-1.14,0,8,"Rehydrated",NA,NA,40,0.1217,1.16187345932621,0.985528498092023,5,0.0100447099947161,0.275278063650774,TRUE,0.920704406858089,0.0792955931419108
"400",2025-07-15,46,-1.47,0.2611,0.2631,0.2611,0,NA,-1.14,0.002,8,"Rehydrated",-1.14,0.33,40,0.1217,1.14543960558751,0.985528498092023,5,0.0100447099947161,0.275278063650774,TRUE,0.90768171369178,0.0923182863082205
"401",2025-07-15,46,-1.66,0.2589,0.2631,0.2589,0,NA,-1.14,0.00419999999999998,8,"Rehydrated",-1.47,0.19,40,0.1217,1.12736236647494,0.985528498092023,5,0.0100447099947161,0.275278063650774,TRUE,0.893356751208839,0.106643248791161
"402",2025-07-15,46,-2.05,0.2551,0.2631,0.2551,0,NA,-1.14,0.008,8,"Rehydrated",-1.66,0.39,40,0.1217,1.09613804437141,0.985528498092023,5,0.0100447099947161,0.275278063650774,TRUE,0.868613634192851,0.131386365807149
"403",2025-07-15,46,-2.41,0.2505,0.2631,0.2505,0,NA,-1.14,0.0126,8,"Rehydrated",-2.05,0.36,40,0.1217,1.05834018077239,0.985528498092023,5,0.0100447099947161,0.275278063650774,TRUE,0.838661439910339,0.161338560089661
"404",2025-07-15,46,-2.62,0.2455,0.2631,0.2455,0,NA,-1.14,0.0176,8,"Rehydrated",-2.41,0.21,40,0.1217,1.01725554642564,0.985528498092023,5,0.0100447099947161,0.275278063650774,FALSE,0.806104706994565,0.193895293005435
"405",2025-07-15,46,-2.71,0.2419,0.2631,0.2419,0,NA,-1.14,0.0212,8,"Rehydrated",-2.62,0.0899999999999999,40,0.1217,0.987674609695974,0.985528498092023,5,0.0100447099947161,0.275278063650774,FALSE,0.782663859295207,0.217336140704793
"406",2025-07-15,46,-2.85,0.2385,0.2631,0.2385,0,NA,-1.14,0.0246,8,"Rehydrated",-2.71,0.14,40,0.1217,0.959737058340181,0.985528498092023,5,0.0100447099947161,0.275278063650774,FALSE,0.760525280912481,0.239474719087519
"407",2025-07-15,46,-3.23,0.2257,0.2631,0.2257,0,NA,-1.14,0.0374,8,"Rehydrated",-2.85,0.38,40,0.1217,0.85456039441249,0.985528498092023,5,0.0100447099947161,0.275278063650774,FALSE,0.6771800446481,0.3228199553519
"408",2025-07-15,46,-3.39,0.2205,0.2631,0.2205,0,NA,-1.14,0.0426,8,"Rehydrated",-3.23,0.16,40,0.1217,0.811832374691865,0.985528498092023,5,0.0100447099947161,0.275278063650774,FALSE,0.643321042415695,0.356678957584305
"409",2025-07-15,46,-3.56,0.2154,0.2631,0.2154,0,NA,-1.14,0.0477,8,"Rehydrated",-3.39,0.17,40,0.1217,0.769926047658176,0.985528498092023,5,0.0100447099947161,0.275278063650774,FALSE,0.610113174841605,0.389886825158395
"410",2025-07-15,5,-0.93,0.3193,0.3193,0.3193,0,NA,-0.93,0,8,"Rehydrated",NA,NA,41,0.1598,0.998122653316646,0.977259927795571,3,0.00500601202404807,0.32355879759519,TRUE,0.973993472975308,0.0260065270246916
"411",2025-07-15,5,-1.28,0.3166,0.3193,0.3166,0,NA,-0.93,0.00269999999999998,8,"Rehydrated",-0.93,0.35,41,0.1598,0.981226533166458,0.977259927795571,3,0.00500601202404807,0.32355879759519,TRUE,0.957505809169457,0.0424941908305431
"412",2025-07-15,5,-2.18,0.3128,0.3193,0.3128,0,NA,-0.93,0.00649999999999995,8,"Rehydrated",-1.28,0.9,41,0.1598,0.957446808510638,0.977259927795571,3,0.00500601202404807,0.32355879759519,TRUE,0.934300948998258,0.0656990510017416
"413",2025-07-15,5,-2.4,0.3098,0.3193,0.3098,0,NA,-0.93,0.00949999999999995,8,"Rehydrated",-2.18,0.22,41,0.1598,0.938673341677096,0.977259927795571,3,0.00500601202404807,0.32355879759519,FALSE,0.915981322547312,0.0840186774526878
"414",2025-07-15,5,-2.65,0.3048,0.3193,0.3048,0,NA,-0.93,0.0145,8,"Rehydrated",-2.4,0.25,41,0.1598,0.90738423028786,0.977259927795571,3,0.00500601202404807,0.32355879759519,FALSE,0.885448611795735,0.114551388204265
"415",2025-07-15,5,-3.15,0.297,0.3193,0.297,0,NA,-0.93,0.0223,8,"Rehydrated",-2.65,0.5,41,0.1598,0.858573216520651,0.977259927795571,3,0.00500601202404807,0.32355879759519,FALSE,0.837817583023275,0.162182416976725
"416",2025-07-15,5,-3.32,0.2922,0.3193,0.2922,0,NA,-0.93,0.0271,8,"Rehydrated",-3.15,0.17,41,0.1598,0.828535669586984,0.977259927795571,3,0.00500601202404807,0.32355879759519,FALSE,0.808506180701761,0.191493819298239
"417",2025-07-15,5,-3.62,0.2818,0.3193,0.2818,0,NA,-0.93,0.0375,8,"Rehydrated",-3.32,0.3,41,0.1598,0.763454317897372,0.977259927795571,3,0.00500601202404807,0.32355879759519,FALSE,0.74499814233848,0.25500185766152
"418",2025-07-15,5,-3.84,0.2741,0.3193,0.2741,0,NA,-0.93,0.0452,8,"Rehydrated",-3.62,0.22,41,0.1598,0.715269086357948,0.977259927795571,3,0.00500601202404807,0.32355879759519,FALSE,0.697977767781052,0.302022232218948
"419",2025-07-15,5,-4.03,0.2673,0.3193,0.2673,0,NA,-0.93,0.052,8,"Rehydrated",-3.84,0.19,41,0.1598,0.672715894868586,0.977259927795571,3,0.00500601202404807,0.32355879759519,FALSE,0.656453281158907,0.343546718841093
"420",2025-07-15,5,-4.42,0.2578,0.3193,0.2578,0,NA,-0.93,0.0615,8,"Rehydrated",-4.03,0.39,41,0.1598,0.613266583229036,0.977259927795571,3,0.00500601202404807,0.32355879759519,FALSE,0.59844113073091,0.40155886926909
"421",2025-07-22,101,-0.8,0.2774,0.2774,0.2774,0,NA,-0.8,0,9,"Fresh",NA,NA,42,0.127,1.18425196850394,0.994841148960386,6,0.0126116332232665,0.287354798069596,TRUE,0.937920173331665,0.0620798266683348
"422",2025-07-22,101,-0.95,0.2751,0.2774,0.2751,0,NA,-0.8,0.00229999999999996,9,"Fresh",-0.8,0.15,42,0.127,1.16614173228346,0.994841148960386,6,0.0126116332232665,0.287354798069596,TRUE,0.92357697919162,0.07642302080838
"423",2025-07-22,101,-1.2,0.2725,0.2774,0.2725,0,NA,-0.8,0.00489999999999996,9,"Fresh",-0.95,0.25,42,0.127,1.14566929133858,0.994841148960386,6,0.0126116332232665,0.287354798069596,TRUE,0.907362933642003,0.0926370663579965
"424",2025-07-22,101,-1.4,0.2693,0.2774,0.2693,0,NA,-0.8,0.00809999999999999,9,"Fresh",-1.2,0.2,42,0.127,1.12047244094488,0.994841148960386,6,0.0126116332232665,0.287354798069596,TRUE,0.887407185273244,0.112592814726756
"425",2025-07-22,101,-1.87,0.2645,0.2774,0.2645,0,NA,-0.8,0.0129,9,"Fresh",-1.4,0.47,42,0.127,1.08267716535433,0.994841148960386,6,0.0126116332232665,0.287354798069596,TRUE,0.857473562720106,0.142526437279894
"426",2025-07-22,101,-2.1,0.2604,0.2774,0.2604,0,NA,-0.8,0.017,9,"Fresh",-1.87,0.23,42,0.127,1.0503937007874,0.994841148960386,6,0.0126116332232665,0.287354798069596,TRUE,0.831905260122634,0.168094739877366
"427",2025-07-22,101,-2.4,0.2532,0.2774,0.2532,0,NA,-0.8,0.0242,9,"Fresh",-2.1,0.3,42,0.127,0.993700787401575,0.994841148960386,6,0.0126116332232665,0.287354798069596,FALSE,0.787004826292926,0.212995173707074
"428",2025-07-22,101,-2.7,0.2486,0.2774,0.2486,0,NA,-0.8,0.0288,9,"Fresh",-2.4,0.3,42,0.127,0.95748031496063,0.994841148960386,6,0.0126116332232665,0.287354798069596,FALSE,0.758318438012836,0.241681561987164
"429",2025-07-22,101,-2.93,0.2382,0.2774,0.2382,0,NA,-0.8,0.0392,9,"Fresh",-2.7,0.23,42,0.127,0.875590551181102,0.994841148960386,6,0.0126116332232665,0.287354798069596,FALSE,0.693462255814369,0.306537744185631
"430",2025-07-22,101,-3.39,0.2311,0.2774,0.2311,0,NA,-0.8,0.0463,9,"Fresh",-2.93,0.46,42,0.127,0.819685039370079,0.994841148960386,6,0.0126116332232665,0.287354798069596,FALSE,0.649185439121186,0.350814560878814
"431",2025-07-22,101,-4.33,0.2166,0.2774,0.2166,0,NA,-0.8,0.0608,9,"Fresh",-3.39,0.94,42,0.127,0.705511811023622,0.994841148960386,6,0.0126116332232665,0.287354798069596,FALSE,0.558760954325247,0.441239045674753
"432",2025-07-22,101,-4.84,0.2094,0.2774,0.2094,0,NA,-0.8,0.068,9,"Fresh",-4.33,0.51,42,0.127,0.648818897637795,0.994841148960386,6,0.0126116332232665,0.287354798069596,FALSE,0.51386052049554,0.48613947950446
"433",2025-07-22,51,-1.1,0.3144,0.3144,0.3144,0,NA,-1.1,0,9,"Fresh",NA,NA,43,0.1479,1.12576064908722,0.994473905616604,3,0.00647540983606576,0.32159262295082,TRUE,0.958589934168611,0.0414100658313886
"434",2025-07-22,51,-1.3,0.3133,0.3144,0.3133,0,NA,-1.1,0.00109999999999998,9,"Fresh",-1.1,0.2,43,0.1479,1.1183231913455,0.994473905616604,3,0.00647540983606576,0.32159262295082,TRUE,0.952256907576506,0.0477430924234935
"435",2025-07-22,51,-1.55,0.3115,0.3144,0.3115,0,NA,-1.1,0.00290000000000001,9,"Fresh",-1.3,0.25,43,0.1479,1.10615280594997,0.994473905616604,3,0.00647540983606576,0.32159262295082,TRUE,0.941893773153062,0.0581062268469381
"436",2025-07-22,51,-1.85,0.308,0.3144,0.308,0,NA,-1.1,0.00640000000000001,9,"Fresh",-1.55,0.3,43,0.1479,1.08248816768087,0.994473905616604,3,0.00647540983606576,0.32159262295082,FALSE,0.921743233996364,0.0782567660036356
"437",2025-07-22,51,-2.1,0.3045,0.3144,0.3045,0,NA,-1.1,0.00990000000000002,9,"Fresh",-1.85,0.25,43,0.1479,1.05882352941176,0.994473905616604,3,0.00647540983606576,0.32159262295082,FALSE,0.901592694839667,0.0984073051603331
"438",2025-07-22,51,-2.8,0.2967,0.3144,0.2967,0,NA,-1.1,0.0177,9,"Fresh",-2.1,0.7,43,0.1479,1.00608519269777,0.994473905616604,3,0.00647540983606576,0.32159262295082,FALSE,0.856685779004741,0.143314220995259
"439",2025-07-22,51,-3,0.2915,0.3144,0.2915,0,NA,-1.1,0.0229,9,"Fresh",-2.8,0.2,43,0.1479,0.970926301555105,0.994473905616604,3,0.00647540983606576,0.32159262295082,FALSE,0.82674783511479,0.17325216488521
"440",2025-07-22,51,-3.11,0.2813,0.3144,0.2813,0,NA,-1.1,0.0331,9,"Fresh",-3,0.11,43,0.1479,0.901960784313725,0.994473905616604,3,0.00647540983606576,0.32159262295082,FALSE,0.768023406715272,0.231976593284728
"441",2025-07-22,51,-3.45,0.2727,0.3144,0.2727,0,NA,-1.1,0.0417,9,"Fresh",-3.11,0.34,43,0.1479,0.843813387423935,0.994473905616604,3,0.00647540983606576,0.32159262295082,FALSE,0.718510653358815,0.281489346641185
"442",2025-07-22,51,-3.84,0.2604,0.3144,0.2604,0,NA,-1.1,0.054,9,"Fresh",-3.45,0.39,43,0.1479,0.760649087221095,0.994473905616604,3,0.00647540983606576,0.32159262295082,FALSE,0.647695901465278,0.352304098534722
"443",2025-07-22,51,-4.14,0.253,0.3144,0.253,0,NA,-1.1,0.0614,9,"Fresh",-3.84,0.3,43,0.1479,0.710615280594997,0.994473905616604,3,0.00647540983606576,0.32159262295082,FALSE,0.605091904391117,0.394908095608883
"444",2025-07-22,56,-3.65,0.2498,0.2498,0.2498,0,NA,-3.45,0,9,"Fresh",NA,NA,44,0.1334,0.87256371814093,0.968824442694489,7,0.0164831461610237,0.305749518878299,TRUE,0.6753717721846,0.3246282278154
"445",2025-07-22,56,-3.8,0.2417,0.2498,0.2417,0,NA,-3.45,0.00809999999999999,9,"Fresh",-3.65,0.15,44,0.1334,0.81184407796102,0.968824442694489,7,0.0164831461610237,0.305749518878299,TRUE,0.62837425195526,0.37162574804474
"446",2025-07-22,56,-3.95,0.2394,0.2498,0.2394,0,NA,-3.45,0.0104,9,"Fresh",-3.8,0.15,44,0.1334,0.794602698650675,0.968824442694489,7,0.0164831461610237,0.305749518878299,TRUE,0.615029277075323,0.384970722924677
"447",2025-07-22,56,-4.36,0.2318,0.2498,0.2318,0,NA,-3.45,0.018,9,"Fresh",-3.95,0.41,44,0.1334,0.737631184407796,0.968824442694489,7,0.0164831461610237,0.305749518878299,TRUE,0.570932838341621,0.429067161658379
"448",2025-07-22,56,-4.72,0.2271,0.2498,0.2271,0,NA,-3.45,0.0227,9,"Fresh",-4.36,0.359999999999999,44,0.1334,0.7023988005997,0.968824442694489,7,0.0164831461610237,0.305749518878299,TRUE,0.543662672282621,0.456337327717379
"449",2025-07-22,56,-5.21,0.2194,0.2498,0.2194,0,NA,-3.45,0.0304,9,"Fresh",-4.72,0.49,44,0.1334,0.644677661169415,0.968824442694489,7,0.0164831461610237,0.305749518878299,TRUE,0.498986017249791,0.501013982750209
"450",2025-07-22,56,-5.66,0.2143,0.2498,0.2143,0,NA,-3.45,0.0355,9,"Fresh",-5.21,0.45,44,0.1334,0.606446776611694,0.968824442694489,7,0.0164831461610237,0.305749518878299,TRUE,0.46939498599428,0.53060501400572
"451",2025-07-22,56,-6.54,0.2073,0.2498,0.2073,0,NA,-3.45,0.0425,9,"Fresh",-5.66,0.88,44,0.1334,0.553973013493254,0.968824442694489,7,0.0164831461610237,0.305749518878299,FALSE,0.428779845055343,0.571220154944657
"452",2025-07-22,86,-1.46,0.3663,0.3663,0.3663,0,NA,-1.46,0,9,"Fresh",NA,NA,45,0.181,1.02375690607735,0.998666524429271,3,0.0108715596330279,0.382149541284404,TRUE,0.921205183053364,0.0787948169466356
"453",2025-07-22,86,-1.6,0.3647,0.3663,0.3647,0,NA,-1.46,0.00159999999999999,9,"Fresh",-1.46,0.14,45,0.181,1.01491712707182,0.998666524429271,3,0.0108715596330279,0.382149541284404,TRUE,0.913250901926082,0.0867490980739176
"454",2025-07-22,86,-1.7,0.3637,0.3663,0.3637,0,NA,-1.46,0.00259999999999999,9,"Fresh",-1.6,0.0999999999999999,45,0.181,1.00939226519337,0.998666524429271,3,0.0108715596330279,0.382149541284404,TRUE,0.908279476221531,0.0917205237784691
"455",2025-07-22,86,-1.9,0.3598,0.3663,0.3598,0,NA,-1.46,0.0065,9,"Fresh",-1.7,0.2,45,0.181,0.987845303867403,0.998666524429271,3,0.0108715596330279,0.382149541284404,FALSE,0.888890915973781,0.111109084026219
"456",2025-07-22,86,-2.1,0.3553,0.3663,0.3553,0,NA,-1.46,0.011,9,"Fresh",-1.9,0.2,45,0.181,0.962983425414365,0.998666524429271,3,0.0108715596330279,0.382149541284404,FALSE,0.8665195003033,0.1334804996967
"457",2025-07-22,86,-2.45,0.3496,0.3663,0.3496,0,NA,-1.46,0.0167,9,"Fresh",-2.1,0.35,45,0.181,0.931491712707182,0.998666524429271,3,0.0108715596330279,0.382149541284404,FALSE,0.838182373787357,0.161817626212643
"458",2025-07-22,86,-2.8,0.345,0.3663,0.345,0,NA,-1.46,0.0213,9,"Fresh",-2.45,0.35,45,0.181,0.906077348066298,0.998666524429271,3,0.0108715596330279,0.382149541284404,FALSE,0.815313815546421,0.184686184453579
"459",2025-07-22,86,-3,0.3393,0.3663,0.3393,0,NA,-1.46,0.027,9,"Fresh",-2.8,0.2,45,0.181,0.874585635359116,0.998666524429271,3,0.0108715596330279,0.382149541284404,FALSE,0.786976689030478,0.213023310969522
"460",2025-07-22,86,-3.4,0.3256,0.3663,0.3256,0,NA,-1.46,0.0407,9,"Fresh",-3,0.4,45,0.181,0.798895027624309,0.998666524429271,3,0.0108715596330279,0.382149541284404,FALSE,0.718868156878125,0.281131843121875
"461",2025-07-22,86,-3.91,0.3134,0.3663,0.3134,0,NA,-1.46,0.0529,9,"Fresh",-3.4,0.51,45,0.181,0.731491712707182,0.998666524429271,3,0.0108715596330279,0.382149541284404,FALSE,0.658216763282598,0.341783236717402
"462",2025-07-22,86,-4.73,0.2975,0.3663,0.2975,0,NA,-1.46,0.0688,9,"Fresh",-3.91,0.82,45,0.181,0.643646408839779,0.998666524429271,3,0.0108715596330279,0.382149541284404,FALSE,0.579171094580232,0.420828905419768
"463",2025-07-22,86,-5.34,0.2867,0.3663,0.2867,0,NA,-1.46,0.0796,9,"Fresh",-4.73,0.609999999999999,45,0.181,0.583977900552486,0.998666524429271,3,0.0108715596330279,0.382149541284404,FALSE,0.525479696971077,0.474520303028923
"464",2025-07-22,90,-1.6,0.1733,0.1733,0.1733,0,NA,-1.6,0,9,"Fresh",NA,NA,46,0.0813,1.13161131611316,0.999787424939862,4,0.00709160305343515,0.184667366412214,TRUE,0.890029447331739,0.109970552668261
"465",2025-07-22,90,-1.85,0.1716,0.1733,0.1716,0,NA,-1.6,0.0017,9,"Fresh",-1.6,0.25,46,0.0813,1.11070110701107,0.999787424939862,4,0.00709160305343515,0.184667366412214,TRUE,0.873583251022348,0.126416748977652
"466",2025-07-22,90,-2.3,0.1683,0.1733,0.1683,0,NA,-1.6,0.005,9,"Fresh",-1.85,0.45,46,0.0813,1.07011070110701,0.999787424939862,4,0.00709160305343515,0.184667366412214,TRUE,0.841658281715883,0.158341718284117
"467",2025-07-22,90,-2.65,0.1659,0.1733,0.1659,0,NA,-1.6,0.00740000000000001,9,"Fresh",-2.3,0.35,46,0.0813,1.04059040590406,0.999787424939862,4,0.00709160305343515,0.184667366412214,TRUE,0.818440122220273,0.181559877779727
"468",2025-07-22,90,-3.1,0.1599,0.1733,0.1599,0,NA,-1.6,0.0134,9,"Fresh",-2.65,0.45,46,0.0813,0.966789667896679,0.999787424939862,4,0.00709160305343515,0.184667366412214,FALSE,0.760394723481246,0.239605276518754
"469",2025-07-22,90,-3.25,0.1569,0.1733,0.1569,0,NA,-1.6,0.0164,9,"Fresh",-3.1,0.15,46,0.0813,0.929889298892989,0.999787424939862,4,0.00709160305343515,0.184667366412214,FALSE,0.731372024111733,0.268627975888267
"470",2025-07-22,90,-3.7,0.1468,0.1733,0.1468,0,NA,-1.6,0.0265,9,"Fresh",-3.25,0.45,46,0.0813,0.805658056580566,0.999787424939862,4,0.00709160305343515,0.184667366412214,FALSE,0.633662269567705,0.366337730432295
"471",2025-07-22,90,-4.3,0.141,0.1733,0.141,0,NA,-1.6,0.0323,9,"Fresh",-3.7,0.6,46,0.0813,0.734317343173432,0.999787424939862,4,0.00709160305343515,0.184667366412214,FALSE,0.577551717453313,0.422448282546687
"472",2025-07-22,90,-5.7,0.1314,0.1733,0.1314,0,NA,-1.6,0.0419,9,"Fresh",-4.3,1.4,46,0.0813,0.616236162361623,0.999787424939862,4,0.00709160305343515,0.184667366412214,FALSE,0.484679079470871,0.515320920529129
"473",2025-07-22,90,-6.25,0.1246,0.1733,0.1246,0,NA,-1.6,0.0487,9,"Fresh",-5.7,0.55,46,0.0813,0.53259532595326,0.999787424939862,4,0.00709160305343515,0.184667366412214,FALSE,0.418894294233308,0.581105705766692
"474",2025-07-22,91,-4.35,0.2182,0.227,0.2182,0,NA,-4.1,0.0088,9,"Fresh",NA,NA,47,0.1314,0.660578386605784,0.997617361688977,6,0.00907617977528092,0.257018609737828,TRUE,0.690980422257147,0.309019577742853
"475",2025-07-22,91,-4.55,0.2153,0.227,0.2153,0,NA,-4.1,0.0117,9,"Fresh",-4.35,0.2,47,0.1314,0.638508371385084,0.997617361688977,6,0.00907617977528092,0.257018609737828,TRUE,0.667894670822288,0.332105329177712
"476",2025-07-22,91,-4.7,0.2139,0.227,0.2139,0,NA,-4.1,0.0131,9,"Fresh",-4.55,0.15,47,0.1314,0.627853881278539,0.997617361688977,6,0.00907617977528092,0.257018609737828,TRUE,0.656749825302012,0.343250174697988
"477",2025-07-22,91,-5.62,0.2062,0.227,0.2062,0,NA,-4.1,0.0208,9,"Fresh",-4.7,0.92,47,0.1314,0.569254185692542,0.997617361688977,6,0.00907617977528092,0.257018609737828,TRUE,0.59545317494049,0.40454682505951
"478",2025-07-22,91,-5.95,0.2031,0.227,0.2031,0,NA,-4.1,0.0239,9,"Fresh",-5.62,0.33,47,0.1314,0.545662100456621,0.997617361688977,6,0.00907617977528092,0.257018609737828,TRUE,0.570775302717021,0.429224697282979
"479",2025-07-22,91,-6.75,0.1957,0.227,0.1957,0,NA,-4.1,0.0313,9,"Fresh",-5.95,0.8,47,0.1314,0.489345509893455,0.997617361688977,6,0.00907617977528092,0.257018609737828,TRUE,0.511866833538416,0.488133166461584
"480",2025-07-22,91,-7.56,0.191,0.227,0.191,0,NA,-4.1,0.036,9,"Fresh",-6.75,0.81,47,0.1314,0.453576864535769,0.997617361688977,6,0.00907617977528092,0.257018609737828,FALSE,0.474451995006059,0.525548004993941
